class_name,image_1,image_2,phash_distance,pixel_mae,pixel_correlation,confirmed
Apple___Black_rot,train/Apple___Black_rot/30aebb07-bde6-44c8-bee2-a06ff42a948d___JR_FrgE.S 3071.JPG,train/Apple___Black_rot/fb8255a6-e05d-44d3-a115-80c1e55009bd___JR_FrgE.S 3074.JPG,4,0.05829503387212753,0.8790870684569754,False
Apple___Black_rot,train/Apple___Black_rot/4eeaca51-3ca2-4afe-884a-d65c2e31e452___JR_FrgE.S 3026.JPG,train/Apple___Black_rot/fc5f6bd3-bd4e-4a8c-94d1-d46ea92a3941___JR_FrgE.S 3017.JPG,4,0.07631272077560425,0.809457394750315,False
Apple___Black_rot,train/Apple___Black_rot/6af96fb3-002f-48b3-a2e8-fb5cf30dfa63___JR_FrgE.S 2998.JPG,train/Apple___Black_rot/f83c1286-8bdb-48e6-ac8f-bd8a5209afc7___JR_FrgE.S 3001.JPG,4,0.14015352725982666,0.7050172667199837,False
Apple___healthy,train/Apple___healthy/11beda66-01e9-4bfd-be37-c0f8646d1478___RS_HL 6271.JPG,val/Apple___healthy/13298d36-4425-437d-ae8e-c7d70e200084___RS_HL 6271.JPG,0,0.0,1.0,True
Apple___healthy,train/Apple___healthy/14896dc0-688d-456f-b5ec-a037695b0193___RS_HL 6268.JPG,train/Apple___healthy/c21cf428-bfc3-4710-b5d2-69d1c0e94748___RS_HL 6268.JPG,0,0.0,0.9999999999999998,True
Apple___healthy,train/Apple___healthy/1ab5e019-e5f0-4d8e-a252-94cb0aab8b0a___RS_HL 6269.JPG,train/Apple___healthy/3673d121-b5de-481c-b057-d4ee5b4959b1___RS_HL 6269.JPG,0,0.0,1.0,True
Apple___healthy,train/Apple___healthy/375f1e44-235c-4ef0-a156-077b71abeed3___RS_HL 8162.JPG,train/Apple___healthy/abc9f5f6-ea98-46c0-8df7-2986969318bf___RS_HL 5928.JPG,4,0.14920343458652496,0.5085190217646189,False
Apple___healthy,train/Apple___healthy/946b311a-cb67-46d4-8c8b-0d91ebd456f3___RS_HL 5809.JPG,train/Apple___healthy/b6808ea5-f26b-49fa-87b2-a1bbbc98d74c___RS_HL 6095.JPG,4,0.0933009460568428,0.7565025121458635,False
Apple___healthy,train/Apple___healthy/9b75de13-d4b0-4b3f-988c-3e9926eef957___RS_HL 6273.JPG,val/Apple___healthy/5192db55-4aa7-421c-92d4-c2dac79e7379___RS_HL 6273.JPG,0,0.0,1.0,True
Apple___healthy,train/Apple___healthy/9fc6acc1-0394-498d-b51c-d2e92febae55___RS_HL 6013.JPG,val/Apple___healthy/298c8daf-43cc-4f65-b2db-65623425e5f8___RS_HL 6103.JPG,4,0.09662479907274246,0.7922245873392412,False
Apple___healthy,train/Apple___healthy/acb21cc2-8d65-4880-a7bb-dcc1eab1564b___RS_HL 6272.JPG,val/Apple___healthy/3d075f90-7002-4c45-abc0-4f35ee49aa79___RS_HL 6272.JPG,0,0.0,0.9999999999999998,True
Apple___healthy,train/Apple___healthy/ced4e27a-5eff-4190-a33a-cdc3d84c811e___RS_HL 6270.JPG,val/Apple___healthy/dc18b924-f172-445d-8fed-61445d437aaa___RS_HL 6270.JPG,0,0.0,1.0,True
Apple___healthy,train/Apple___healthy/f2cda910-55c7-46d7-b1a2-9a3bb9792148___RS_HL 6274.JPG,val/Apple___healthy/fdbfa6f7-f887-442d-8df1-1f0cf839fc4d___RS_HL 6274.JPG,0,0.0,1.0,True
Blueberry___healthy,train/Blueberry___healthy/1289b8c7-9d7d-4afd-acce-3becd99bc4f8___RS_HL 0770.JPG,train/Blueberry___healthy/a69c62a5-dcb0-4473-a524-464b77c31e50___RS_HL 0447.JPG,4,0.18291789293289185,0.71262040015506,False
Blueberry___healthy,train/Blueberry___healthy/163fa1ca-f6b9-4ce4-8218-771750b3043f___RS_HL 5017.JPG,train/Blueberry___healthy/3b4ab949-7b1d-4127-a1d3-8f125989f495___RS_HL 5019.JPG,4,0.08437825739383698,0.8754788699765386,False
Blueberry___healthy,train/Blueberry___healthy/17f38da5-9764-456e-9c16-436ec1d69041___RS_HL 0590.JPG,val/Blueberry___healthy/fe4de3f6-ef8e-4e3f-b180-f8dd1c3d54cc___RS_HL 0591.JPG,4,0.2647932469844818,0.9378967640053193,False
Blueberry___healthy,train/Blueberry___healthy/201aef7f-4e1c-4197-ae37-66ca340909bc___RS_HL 0672.JPG,train/Blueberry___healthy/76610fbe-b5da-460e-ae69-29e89b02f1dd___RS_HL 0577.JPG,4,0.08389543741941452,0.7618344508758992,False
Blueberry___healthy,train/Blueberry___healthy/39a6957f-2837-4a39-bb60-a8a3c155290f___RS_HL 5099.JPG,train/Blueberry___healthy/7b7ada95-0a08-4b41-a028-e4ba89ca33c4___RS_HL 5097.JPG,4,0.057715196162462234,0.9133386732472746,True
Blueberry___healthy,train/Blueberry___healthy/8414bd37-f029-4748-baa3-373c63549003___RS_HL 5110.JPG,train/Blueberry___healthy/8c220aee-d920-4f0a-9ecc-180b8edeaa12___RS_HL 5100.JPG,4,0.07943559437990189,0.8436145725333665,False
Blueberry___healthy,train/Blueberry___healthy/8e993b68-3e27-4289-abf5-e25a7faac9e1___RS_HL 4885.JPG,train/Blueberry___healthy/db4a99f7-55a2-4cbb-8440-2b22b6b9c217___RS_HL 4884.JPG,4,0.050805505365133286,0.9389383610281397,True
Blueberry___healthy,train/Blueberry___healthy/bbb5f4ac-9750-4052-854c-13ae9c892c8a___RS_HL 0507.JPG,train/Blueberry___healthy/dc1d0041-ddd3-4bd4-b32b-dad33610f2cc___RS_HL 0383.JPG,4,0.26048004627227783,0.6848282741329995,False
Blueberry___healthy,train/Blueberry___healthy/eee48720-b1ef-499f-90f6-7dfcfe872c21___RS_HL 5182.JPG,val/Blueberry___healthy/a9d818fd-bcd3-4c1b-bfea-a26f72388f04___RS_HL 5195.JPG,4,0.052600763738155365,0.9199361649719068,True
Cherry_(including_sour)___Powdery_mildew,train/Cherry_(including_sour)___Powdery_mildew/176d6faf-285c-4bf0-a643-cdfa9b4c741d___FREC_Pwd.M 0348.JPG,train/Cherry_(including_sour)___Powdery_mildew/341d8850-26e0-4ac5-a560-da2be3fc4b24___FREC_Pwd.M 0349.JPG,2,0.06979252398014069,0.7295265069381196,False
Cherry_(including_sour)___Powdery_mildew,train/Cherry_(including_sour)___Powdery_mildew/176d6faf-285c-4bf0-a643-cdfa9b4c741d___FREC_Pwd.M 0348.JPG,val/Cherry_(including_sour)___Powdery_mildew/c33d7542-45be-47a0-a9cb-93980b16ba1e___FREC_Pwd.M 0347.JPG,2,0.07234533876180649,0.7524543406649825,False
Cherry_(including_sour)___Powdery_mildew,train/Cherry_(including_sour)___Powdery_mildew/1f58631e-fd2c-4a0f-8cea-bc8a9feee0eb___FREC_Pwd.M 0285.JPG,train/Cherry_(including_sour)___Powdery_mildew/cd6f8dee-5c38-4e3c-946d-2d79a517d76e___FREC_Pwd.M 0284.JPG,4,0.03706016391515732,0.9349720157230281,True
Cherry_(including_sour)___Powdery_mildew,train/Cherry_(including_sour)___Powdery_mildew/2b61ad8d-5292-4ac0-aced-1c295a38e2d0___FREC_Pwd.M 0427.JPG,train/Cherry_(including_sour)___Powdery_mildew/52aea538-85d0-461c-8956-25af2d74a1ac___FREC_Pwd.M 0426.JPG,2,0.07036270946264267,0.8077409020803433,False
Cherry_(including_sour)___Powdery_mildew,train/Cherry_(including_sour)___Powdery_mildew/324c0529-3992-4015-91f2-1f8c8b87940f___FREC_Pwd.M 0323.JPG,train/Cherry_(including_sour)___Powdery_mildew/3928d15a-b841-4524-a5be-b34546c358f2___FREC_Pwd.M 0324.JPG,2,0.019267572090029716,0.9484698507844689,True
Cherry_(including_sour)___Powdery_mildew,train/Cherry_(including_sour)___Powdery_mildew/32f9b09e-963a-4724-99cc-d4b4adff9914___FREC_Pwd.M 0317.JPG,train/Cherry_(including_sour)___Powdery_mildew/48175408-eebb-4868-bc02-906a07a93b77___FREC_Pwd.M 0318.JPG,4,0.06773442775011063,0.8210214151565584,False
Cherry_(including_sour)___Powdery_mildew,train/Cherry_(including_sour)___Powdery_mildew/341d8850-26e0-4ac5-a560-da2be3fc4b24___FREC_Pwd.M 0349.JPG,val/Cherry_(including_sour)___Powdery_mildew/c33d7542-45be-47a0-a9cb-93980b16ba1e___FREC_Pwd.M 0347.JPG,4,0.09418800473213196,0.6062092242397458,False
Cherry_(including_sour)___Powdery_mildew,train/Cherry_(including_sour)___Powdery_mildew/38b9665e-5c2e-4f30-9909-015cf9b3a4ef___FREC_Pwd.M 0481.JPG,train/Cherry_(including_sour)___Powdery_mildew/f3ca4413-77d8-4e46-8c5b-399a1d34c8f9___FREC_Pwd.M 0482.JPG,4,0.05302925780415535,0.887639068482245,False
Cherry_(including_sour)___Powdery_mildew,train/Cherry_(including_sour)___Powdery_mildew/4a681bd1-f177-4079-a67c-890eaa1fb016___FREC_Pwd.M 5097.JPG,train/Cherry_(including_sour)___Powdery_mildew/693c845b-b606-4bf9-8f29-7f8ae2c7f09d___FREC_Pwd.M 5096.JPG,4,0.04606495797634125,0.7570302987643379,False
Cherry_(including_sour)___Powdery_mildew,train/Cherry_(including_sour)___Powdery_mildew/52fdca01-c6e8-4903-a8ff-c9825071e6d2___FREC_Pwd.M 0283.JPG,train/Cherry_(including_sour)___Powdery_mildew/cd6f8dee-5c38-4e3c-946d-2d79a517d76e___FREC_Pwd.M 0284.JPG,2,0.02826329506933689,0.9290154426442194,True
Cherry_(including_sour)___Powdery_mildew,train/Cherry_(including_sour)___Powdery_mildew/87e0db60-4830-436a-ab50-5e5bfa10028f___FREC_Pwd.M 5080.JPG,train/Cherry_(including_sour)___Powdery_mildew/d45b03fe-d4cc-470c-bb27-e8ced9b6468f___FREC_Pwd.M 5081.JPG,4,0.04671118035912514,0.5943294431147087,False
Cherry_(including_sour)___Powdery_mildew,train/Cherry_(including_sour)___Powdery_mildew/900cf5aa-c000-45d4-8e30-743c195b1ccd___FREC_Pwd.M 0516.JPG,val/Cherry_(including_sour)___Powdery_mildew/afc7e0e1-0524-4de8-8409-ba6e501c8d54___FREC_Pwd.M 0515.JPG,2,0.06367938965559006,0.9811960246157885,True
Cherry_(including_sour)___Powdery_mildew,train/Cherry_(including_sour)___Powdery_mildew/98735a23-9c85-4110-a4b7-f3614a7e168d___FREC_Pwd.M 5055.JPG,train/Cherry_(including_sour)___Powdery_mildew/af17d4b3-3193-4f16-9449-28cd5a204499___FREC_Pwd.M 5058.JPG,4,0.041513197124004364,0.8648866124682448,False
Cherry_(including_sour)___Powdery_mildew,train/Cherry_(including_sour)___Powdery_mildew/d53e4b45-41d9-4cea-9f79-80e99bac6a95___FREC_Pwd.M 4948.JPG,train/Cherry_(including_sour)___Powdery_mildew/fe410980-15d4-472d-b8e6-4fece7d302ee___FREC_Pwd.M 4949.JPG,4,0.06252879649400711,0.7347881521939426,False
Cherry_(including_sour)___healthy,train/Cherry_(including_sour)___healthy/036b575a-cbe7-45a4-8b97-15b7ecdf3dee___JR_HL 9600.JPG,train/Cherry_(including_sour)___healthy/2d4fa6df-452a-4697-89a6-a03dafd4104c___JR_HL 9876 copy.JPG,4,0.12218547612428665,0.8611514586533097,False
Cherry_(including_sour)___healthy,train/Cherry_(including_sour)___healthy/0a273dc4-db45-4936-aee3-59919e1df44f___JR_HL 9805.JPG,train/Cherry_(including_sour)___healthy/baa49a32-a5a5-48a0-8c1c-2c599853e460___JR_HL 3970.JPG,4,0.07747750729322433,0.8109931023855144,False
Cherry_(including_sour)___healthy,train/Cherry_(including_sour)___healthy/0e74a030-4b86-4c3f-8944-31e68d1911ba___JR_HL 4016.JPG,train/Cherry_(including_sour)___healthy/b570727c-3764-46cd-b128-d29353da1b9d___JR_HL 4024.JPG,4,0.05804044380784035,0.8272244601810025,False
Cherry_(including_sour)___healthy,train/Cherry_(including_sour)___healthy/25dd43a5-9a2b-4051-abdc-1f3a6311915a___JR_HL 9516.JPG,train/Cherry_(including_sour)___healthy/e681961f-9b24-4191-b3e3-2e9a5b48f3b5___JR_HL 9630.JPG,4,0.08294440805912018,0.8877905130391849,False
Cherry_(including_sour)___healthy,train/Cherry_(including_sour)___healthy/2d4fa6df-452a-4697-89a6-a03dafd4104c___JR_HL 9876 copy.JPG,train/Cherry_(including_sour)___healthy/771c7c63-38bb-4d7a-8db1-fda6c5d91076___JR_HL 9882 copy.JPG,4,0.08021940290927887,0.8640147266983724,False
Cherry_(including_sour)___healthy,train/Cherry_(including_sour)___healthy/3500f3de-9634-48fa-b032-3104b4863619___JR_HL 9661.JPG,train/Cherry_(including_sour)___healthy/6799a92a-334c-4147-bc38-267abda01076___JR_HL 9441.JPG,4,0.12346260994672775,0.7758015886554747,False
Cherry_(including_sour)___healthy,train/Cherry_(including_sour)___healthy/3500f3de-9634-48fa-b032-3104b4863619___JR_HL 9661.JPG,train/Cherry_(including_sour)___healthy/ddf48541-2606-4096-96a0-75bde5f60e2e___JR_HL 9590.JPG,4,0.07983430474996567,0.7152721596808438,False
Cherry_(including_sour)___healthy,train/Cherry_(including_sour)___healthy/36232566-e010-45c3-a25b-62fb7ec8bffc___JR_HL 9572.JPG,train/Cherry_(including_sour)___healthy/c30fb5bc-2fc0-42cd-a5db-5b4b774b9f7e___JR_HL 9574.JPG,4,0.05175256356596947,0.8951547030838489,False
Cherry_(including_sour)___healthy,train/Cherry_(including_sour)___healthy/39d6a038-a6f1-4bff-934c-dabb4496e691___JR_HL 4008.JPG,train/Cherry_(including_sour)___healthy/9ce21384-43da-4599-99c3-63af7c18cf96___JR_HL 4004.JPG,4,0.05907246097922325,0.8393626889275728,False
Cherry_(including_sour)___healthy,train/Cherry_(including_sour)___healthy/3e9c21cc-c912-46fd-bec7-6ab095e33d47___JR_HL 9443.JPG,val/Cherry_(including_sour)___healthy/8d8affc9-f724-4e95-827c-763d0e3cac90___JR_HL 9894 copy.JPG,4,0.12658531963825226,0.8173200826881704,False
Cherry_(including_sour)___healthy,train/Cherry_(including_sour)___healthy/415fdea5-432a-449a-8071-06ff01742307___JR_HL 9798.JPG,val/Cherry_(including_sour)___healthy/124e5b7b-dc6a-4b5a-8f4e-b22ed738b5fc___JR_HL 9455.JPG,4,0.09622849524021149,0.8428880725273228,False
Cherry_(including_sour)___healthy,train/Cherry_(including_sour)___healthy/66864f41-25b9-43f1-9f26-bc65cd325d39___JR_HL 3971.JPG,train/Cherry_(including_sour)___healthy/89bfbe68-6d5e-40f7-82c3-49107268740d___JR_HL 3974.JPG,4,0.04573546350002289,0.8766669344387567,False
Cherry_(including_sour)___healthy,train/Cherry_(including_sour)___healthy/6799a92a-334c-4147-bc38-267abda01076___JR_HL 9441.JPG,train/Cherry_(including_sour)___healthy/92f51e03-8792-42ea-a709-0b6fb115e1be___JR_HL 9807.JPG,4,0.14324690401554108,0.8453797387250022,False
Cherry_(including_sour)___healthy,train/Cherry_(including_sour)___healthy/90f22e39-5ee0-4973-ae80-ef987d05990a___JR_HL 4085.JPG,train/Cherry_(including_sour)___healthy/ea21a07c-746b-4c40-b9dd-bed17b367f3c___JR_HL 4082.JPG,4,0.053057484328746796,0.854695981440467,False
Cherry_(including_sour)___healthy,train/Cherry_(including_sour)___healthy/9711cd2a-25f1-4e08-bb70-b5443d2ed94e___JR_HL 9432.JPG,train/Cherry_(including_sour)___healthy/ea6eb22e-337b-4f6e-b18f-6e5633e97571___JR_HL 9741.JPG,4,0.15018822252750397,0.7945302497810156,False
Cherry_(including_sour)___healthy,train/Cherry_(including_sour)___healthy/a9a9f8a7-02d8-409e-800a-03d8fc721251___JR_HL 9697.JPG,val/Cherry_(including_sour)___healthy/ed682229-adac-4051-87d4-2d8fa45c25c8___JR_HL 9514.JPG,4,0.06043936312198639,0.848600526208917,False
Cherry_(including_sour)___healthy,train/Cherry_(including_sour)___healthy/b337e8a0-958c-48e3-9368-1d68fa26a493___JR_HL 4190.JPG,train/Cherry_(including_sour)___healthy/dcd94f3c-a363-4b22-8dd8-0ae62ddc6f07___JR_HL 4192.JPG,2,0.048902448266744614,0.8633934849262391,False
Cherry_(including_sour)___healthy,train/Cherry_(including_sour)___healthy/c30fb5bc-2fc0-42cd-a5db-5b4b774b9f7e___JR_HL 9574.JPG,val/Cherry_(including_sour)___healthy/6383ba62-2f58-4bf0-89f0-9a9159c25aad___JR_HL 9431.JPG,4,0.1885261833667755,0.9054331918458408,False
Cherry_(including_sour)___healthy,train/Cherry_(including_sour)___healthy/fc9a5244-238a-4e19-9e07-80819941f414___JR_HL 4006.JPG,val/Cherry_(including_sour)___healthy/92cd65f0-9866-4985-b706-733e8c53ed83___JR_HL 4007.JPG,4,0.07569728791713715,0.7168649341246652,False
Corn_(maize)___Northern_Leaf_Blight,train/Corn_(maize)___Northern_Leaf_Blight/83327a8d-9bfd-49d6-9fc9-bc065a379bce___RS_NLB 4044 copy 2.jpg,train/Corn_(maize)___Northern_Leaf_Blight/b7ec2193-2a49-43b9-9962-7a13d472e668___RS_NLB 4044.JPG,2,0.017994139343500137,0.9790610566856706,True
Corn_(maize)___Northern_Leaf_Blight,train/Corn_(maize)___Northern_Leaf_Blight/df1c48d9-2413-4d2d-8a0a-b60a708d32f2___RS_NLB 3955.JPG,val/Corn_(maize)___Northern_Leaf_Blight/f69b1b10-dd7f-44c0-b084-1959316e4f2a___RS_NLB 3955 copy 2.jpg,4,0.057006288319826126,0.8382768194985185,False
Corn_(maize)___healthy,train/Corn_(maize)___healthy/49ecc957-9ec7-45f7-a3c9-d1e63cf224df___R.S_HL 0607 copy 2.jpg,train/Corn_(maize)___healthy/6aaf943e-fb16-4f8f-86c5-dc36724e25e5___R.S_HL 0607.JPG,4,0.024426402524113655,0.9741682171426798,True
Corn_(maize)___healthy,train/Corn_(maize)___healthy/94ca39a0-d4df-44c6-b5cc-a38a754506e5___R.S_HL 0601 copy 3.jpg,val/Corn_(maize)___healthy/8afc9635-c5e3-41be-aac0-74109d6112ed___R.S_HL 0601 copy 2.jpg,0,0.007829520851373672,0.997601001229936,True
Corn_(maize)___healthy,train/Corn_(maize)___healthy/d2eeaaf5-97f6-4fc0-a2b5-09e98e483648___R.S_HL 0630 copy.jpg,val/Corn_(maize)___healthy/f73f38b8-0938-44f2-a229-6baa3114fe40___R.S_HL 0630 copy 3.jpg,4,0.0690966546535492,0.7990630876707273,False
Grape___Black_rot,train/Grape___Black_rot/ae42a097-ae73-4526-af1e-496bb0b50b32___FAM_B.Rot 3038.JPG,val/Grape___Black_rot/00090b0f-c140-4e77-8d20-d39f67b75fcc___FAM_B.Rot 0376.JPG,4,0.08969709277153015,0.844057697368839,False
Grape___Esca_(Black_Measles),train/Grape___Esca_(Black_Measles)/0753c4a8-1037-4fc2-8f5d-d442fc7c6b95___FAM_B.Msls 4085.JPG,train/Grape___Esca_(Black_Measles)/1aeac161-7472-4d64-bd17-da030db1fdcb___FAM_B.Msls 1137.JPG,2,0.13109084963798523,0.7215189170894529,False
Grape___Esca_(Black_Measles),train/Grape___Esca_(Black_Measles)/2be6cf2c-439e-4db0-8331-48daf39cbe58___FAM_B.Msls 1133.JPG,train/Grape___Esca_(Black_Measles)/6a5b84d5-b309-4745-8655-ba6cd34f0d90___FAM_B.Msls 4077.JPG,4,0.1261833757162094,0.7775350567477262,False
Grape___Esca_(Black_Measles),train/Grape___Esca_(Black_Measles)/4a534102-3e9e-4f82-b2c9-c6e8471f35e0___FAM_B.Msls 4300.JPG,train/Grape___Esca_(Black_Measles)/b5a6cca1-c243-4cfd-87db-fe6146c66740___FAM_B.Msls 1215.JPG,2,0.12267710268497467,0.6510426527698736,False
Grape___healthy,val/Grape___healthy/0c1667a2-61d7-4dee-b4d9-0d141a1ceb20___Mt.N.V_HL 9127.JPG,val/Grape___healthy/28c615fe-bb32-4003-9178-1f130c84c0a3___Mt.N.V_HL 9129.JPG,2,0.04502754285931587,0.9164080604830898,True
Orange___Haunglongbing_(Citrus_greening),train/Orange___Haunglongbing_(Citrus_greening)/02fc11bb-9218-4431-b8f7-c581354cd42b___CREC_HLB 3944.JPG,train/Orange___Haunglongbing_(Citrus_greening)/e662be4c-5ad3-48c8-a250-310a4726a0b7___CREC_HLB 5581.JPG,4,0.07440611720085144,0.9236134666318634,True
Orange___Haunglongbing_(Citrus_greening),train/Orange___Haunglongbing_(Citrus_greening)/0303f47c-acd4-4e0e-aed2-81e8774be5ae___CREC_HLB 4280.JPG,val/Orange___Haunglongbing_(Citrus_greening)/b21337d4-4851-4366-a9b2-90c7fb89865f___CREC_HLB 5565.JPG,4,0.06339798867702484,0.9044926526632068,True
Orange___Haunglongbing_(Citrus_greening),train/Orange___Haunglongbing_(Citrus_greening)/03c5b0f0-ca80-44e3-af4e-584688b4dea8___UF.Citrus_HLB_Lab 0313.JPG,train/Orange___Haunglongbing_(Citrus_greening)/8e69171e-28af-4be5-901e-3f697e75cc8b___UF.Citrus_HLB_Lab 0301.JPG,4,0.07662760466337204,0.8705892162580097,False
Orange___Haunglongbing_(Citrus_greening),train/Orange___Haunglongbing_(Citrus_greening)/0618177f-c21e-4075-bf1c-ea3ac9cca3e4___UF.Citrus_HLB_Lab 9904.JPG,val/Orange___Haunglongbing_(Citrus_greening)/36cf9442-7b86-4713-b2dd-64208f68eb8e___UF.Citrus_HLB_Lab 9905.JPG,4,0.026390306651592255,0.7882489510911685,False
Orange___Haunglongbing_(Citrus_greening),train/Orange___Haunglongbing_(Citrus_greening)/08615e08-6b98-4bba-94d4-01c9d7c51b90___CREC_HLB 5420.JPG,train/Orange___Haunglongbing_(Citrus_greening)/f5b8dec0-636d-4971-9640-cf1c94270e2e___CREC_HLB 5561.JPG,4,0.06931069493293762,0.8385463678143525,False
Orange___Haunglongbing_(Citrus_greening),train/Orange___Haunglongbing_(Citrus_greening)/08e16d19-2f65-494f-b201-f0db9990c76e___CREC_HLB 5409.JPG,train/Orange___Haunglongbing_(Citrus_greening)/2521fd96-1ea2-42dd-850e-60f24f9b5f6a___CREC_HLB 5413.JPG,4,0.052479345351457596,0.8642673797494033,False
Orange___Haunglongbing_(Citrus_greening),train/Orange___Haunglongbing_(Citrus_greening)/0c621f86-bcdf-4281-b43b-2de1bc01fa07___UF.Citrus_HLB_Lab 1061.JPG,train/Orange___Haunglongbing_(Citrus_greening)/2cd472b2-2193-4016-9d0c-b101f8374e76___UF.Citrus_HLB_Lab 1067.JPG,4,0.05138236656785011,0.4623827146597572,False
Orange___Haunglongbing_(Citrus_greening),train/Orange___Haunglongbing_(Citrus_greening)/0e380297-bda3-413b-a0c3-19dfd485d704___UF.Citrus_HLB_Lab 0994.JPG,train/Orange___Haunglongbing_(Citrus_greening)/221b5e57-a859-4fb5-8058-e78e21ea60e6___UF.Citrus_HLB_Lab 0167.JPG,4,0.09274747967720032,0.5975983955820224,False
Orange___Haunglongbing_(Citrus_greening),train/Orange___Haunglongbing_(Citrus_greening)/0e907573-62f5-482a-b10c-2fcbca3dc2c0___CREC_HLB 5416.JPG,train/Orange___Haunglongbing_(Citrus_greening)/52b925d9-51bf-48ce-a88d-1cbecad9b683___CREC_HLB 5184.JPG,4,0.1063501387834549,0.8955474604918882,False
Orange___Haunglongbing_(Citrus_greening),train/Orange___Haunglongbing_(Citrus_greening)/11b4a4de-c43d-48ac-a5a3-00b0875f6959___CREC_HLB 5583.JPG,train/Orange___Haunglongbing_(Citrus_greening)/3ea366e1-7193-4712-9abe-ddbb04df7517___CREC_HLB 5270.JPG,4,0.07718319445848465,0.8623826340302501,False
Orange___Haunglongbing_(Citrus_greening),train/Orange___Haunglongbing_(Citrus_greening)/11b4a4de-c43d-48ac-a5a3-00b0875f6959___CREC_HLB 5583.JPG,train/Orange___Haunglongbing_(Citrus_greening)/9229b2cd-f345-4f62-8198-09ba345ceb57___CREC_HLB 5559.JPG,4,0.06731998175382614,0.8587369831419508,False
Orange___Haunglongbing_(Citrus_greening),train/Orange___Haunglongbing_(Citrus_greening)/14799d69-94a0-4392-81cd-ba5c75225f47___UF.Citrus_HLB_Lab 1278.JPG,train/Orange___Haunglongbing_(Citrus_greening)/fb78e04e-df3f-4637-8ffd-5ffe0852b4ab___UF.Citrus_HLB_Lab 1279.JPG,4,0.047356683760881424,0.786731590329711,False
Orange___Haunglongbing_(Citrus_greening),train/Orange___Haunglongbing_(Citrus_greening)/2051d463-bfca-433c-8498-1538b1a21a85___UF.Citrus_HLB_Lab 1588.JPG,train/Orange___Haunglongbing_(Citrus_greening)/75c67021-0fcf-4b0f-8d3c-6385b4b47baf___UF.Citrus_HLB_Lab 1587.JPG,4,0.037090227007865906,0.7233128796939637,False
Orange___Haunglongbing_(Citrus_greening),train/Orange___Haunglongbing_(Citrus_greening)/2594eb49-8ace-4ced-976c-279f589c85eb___UF.Citrus_HLB_Lab 9709.JPG,train/Orange___Haunglongbing_(Citrus_greening)/c8105c9a-6dd6-4bef-a490-59ca546a6d7a___UF.Citrus_HLB_Lab 9638.JPG,2,0.09401226043701172,0.5681941888288913,False
Orange___Haunglongbing_(Citrus_greening),train/Orange___Haunglongbing_(Citrus_greening)/2b9fe8b0-d287-4313-8ce2-809de5fae285___UF.Citrus_HLB_Lab 0930.JPG,train/Orange___Haunglongbing_(Citrus_greening)/d5ece7d1-9725-461a-9437-6dd336749c09___UF.Citrus_HLB_Lab 0931.JPG,4,0.03581438586115837,0.8412324873229232,False
Orange___Haunglongbing_(Citrus_greening),train/Orange___Haunglongbing_(Citrus_greening)/2f6367b2-d10a-4c58-8a6e-2773cde5245c___UF.Citrus_HLB_Lab 0092.JPG,val/Orange___Haunglongbing_(Citrus_greening)/e56c447c-f265-4166-821f-b444188a2140___UF.Citrus_HLB_Lab 0090.JPG,4,0.05534563213586807,0.6217225091543349,False
Orange___Haunglongbing_(Citrus_greening),train/Orange___Haunglongbing_(Citrus_greening)/30ddc8d8-338f-47de-a127-4c6d5aa0aec6___UF.Citrus_HLB_Lab 0550.JPG,train/Orange___Haunglongbing_(Citrus_greening)/951dc1ee-39bf-44cc-83af-76a3e75498d4___UF.Citrus_HLB_Lab 0538.JPG,4,0.06421156972646713,0.7443346637771662,False
Orange___Haunglongbing_(Citrus_greening),train/Orange___Haunglongbing_(Citrus_greening)/3452c159-add9-45e5-ab94-cac754ac3a60___UF.Citrus_HLB_Lab 0628.JPG,val/Orange___Haunglongbing_(Citrus_greening)/57a80c77-b938-45fc-b2c9-0216d9cced98___UF.Citrus_HLB_Lab 0636.JPG,4,0.11140784621238708,0.7756916218474971,False
Orange___Haunglongbing_(Citrus_greening),train/Orange___Haunglongbing_(Citrus_greening)/3ea366e1-7193-4712-9abe-ddbb04df7517___CREC_HLB 5270.JPG,train/Orange___Haunglongbing_(Citrus_greening)/9229b2cd-f345-4f62-8198-09ba345ceb57___CREC_HLB 5559.JPG,4,0.06925977021455765,0.8598153300862252,False
Orange___Haunglongbing_(Citrus_greening),train/Orange___Haunglongbing_(Citrus_greening)/3ea366e1-7193-4712-9abe-ddbb04df7517___CREC_HLB 5270.JPG,train/Orange___Haunglongbing_(Citrus_greening)/b0abaf0a-df7d-41b9-b9ad-19cfb0e2aec2___CREC_HLB 5102.JPG,4,0.0669097751379013,0.7978021559997815,False
Orange___Haunglongbing_(Citrus_greening),train/Orange___Haunglongbing_(Citrus_greening)/3ea366e1-7193-4712-9abe-ddbb04df7517___CREC_HLB 5270.JPG,train/Orange___Haunglongbing_(Citrus_greening)/fd5b41ba-4f3e-473b-92e3-a4170c79e61f___CREC_HLB 4981.JPG,4,0.09646040201187134,0.8519028629977902,False
Orange___Haunglongbing_(Citrus_greening),train/Orange___Haunglongbing_(Citrus_greening)/3f3e2a96-409e-4190-ab4f-4fa47a528d80___UF.Citrus_HLB_Lab 0980.JPG,train/Orange___Haunglongbing_(Citrus_greening)/7dbdb991-c516-436e-80df-d03bff3f8a31___UF.Citrus_HLB_Lab 1516.JPG,4,0.06940940767526627,0.7055309747726065,False
Orange___Haunglongbing_(Citrus_greening),train/Orange___Haunglongbing_(Citrus_greening)/3f3e2a96-409e-4190-ab4f-4fa47a528d80___UF.Citrus_HLB_Lab 0980.JPG,train/Orange___Haunglongbing_(Citrus_greening)/cd98c69d-885a-4558-af3b-a23aef5b83ab___UF.Citrus_HLB_Lab 9982.JPG,4,0.09232906252145767,0.35795037169124916,False
Orange___Haunglongbing_(Citrus_greening),train/Orange___Haunglongbing_(Citrus_greening)/44d03006-da82-48b4-964a-1822a4da3ec3___UF.Citrus_HLB_Lab 0790.JPG,train/Orange___Haunglongbing_(Citrus_greening)/fa0ec8f8-6ec7-4778-b007-d04d8632ce1b___UF.Citrus_HLB_Lab 1215.JPG,4,0.14739583432674408,0.3288053934472164,False
Orange___Haunglongbing_(Citrus_greening),train/Orange___Haunglongbing_(Citrus_greening)/4d86882b-9b59-4c28-a7c7-4b6bd43de3f7___UF.Citrus_HLB_Lab 1452.JPG,train/Orange___Haunglongbing_(Citrus_greening)/acfa229f-980a-4c3d-9ae7-0fe5d0b63b47___UF.Citrus_HLB_Lab 1449.JPG,4,0.10914139449596405,0.7564916293575165,False
Orange___Haunglongbing_(Citrus_greening),train/Orange___Haunglongbing_(Citrus_greening)/501e8278-3df7-4202-b772-8834abb5ceb9___UF.Citrus_HLB_Lab 1566.JPG,train/Orange___Haunglongbing_(Citrus_greening)/c26d2d12-5107-4672-99dd-dc23458f334c___UF.Citrus_HLB_Lab 1572.JPG,4,0.028170814737677574,0.8446521258134807,False
Orange___Haunglongbing_(Citrus_greening),train/Orange___Haunglongbing_(Citrus_greening)/5d7a7638-3a13-4bbd-95f1-9a355facafcc___UF.Citrus_HLB_Lab 0253.JPG,train/Orange___Haunglongbing_(Citrus_greening)/a4fccae9-4f8b-4d22-903d-c9aae259ae68___UF.Citrus_HLB_Lab 1530.JPG,4,0.0773414894938469,0.6699672425949833,False
Orange___Haunglongbing_(Citrus_greening),train/Orange___Haunglongbing_(Citrus_greening)/5fb6714a-7725-44a3-b1c2-1d59aa2e7d92___CREC_HLB 5567.JPG,val/Orange___Haunglongbing_(Citrus_greening)/ef9142a7-a600-4541-a533-0d7069414c8f___CREC_HLB 5338.JPG,4,0.0663590133190155,0.8571806190187444,False
Orange___Haunglongbing_(Citrus_greening),train/Orange___Haunglongbing_(Citrus_greening)/63d9c436-08f4-4617-9286-f6a5ed70073e___UF.Citrus_HLB_Lab 0095.JPG,val/Orange___Haunglongbing_(Citrus_greening)/f8c0e949-2dfc-4850-9978-1576b0618eac___UF.Citrus_HLB_Lab 0094.JPG,4,0.018908007070422173,0.934066277961054,True
Orange___Haunglongbing_(Citrus_greening),train/Orange___Haunglongbing_(Citrus_greening)/744e16e7-5b57-480b-b86c-859ea1bfdd22___UF.Citrus_HLB_Lab 9973.JPG,train/Orange___Haunglongbing_(Citrus_greening)/8400d972-d764-4b09-86fe-34397c664ca0___UF.Citrus_HLB_Lab 9767.JPG,4,0.06564784049987793,0.5032362963485133,False
Orange___Haunglongbing_(Citrus_greening),train/Orange___Haunglongbing_(Citrus_greening)/74dc2ef2-30ab-4944-a708-3a3d4db2b5c8___CREC_HLB 4358.JPG,train/Orange___Haunglongbing_(Citrus_greening)/ddc06f57-48bc-4562-9903-e98b86ced53a___CREC_HLB 5396.JPG,4,0.058039162307977676,0.8881573870731254,False
Orange___Haunglongbing_(Citrus_greening),train/Orange___Haunglongbing_(Citrus_greening)/7a8b09cb-0978-430a-a0f1-b71529c9bd06___CREC_HLB 5345.JPG,train/Orange___Haunglongbing_(Citrus_greening)/e9eefed2-d9dd-4286-9701-7c192f8839f9___CREC_HLB 5405.JPG,4,0.052351124584674835,0.8633196317658622,False
Orange___Haunglongbing_(Citrus_greening),train/Orange___Haunglongbing_(Citrus_greening)/7c42ad79-8df0-4036-9833-a87b0507884a___UF.Citrus_HLB_Lab 0069.JPG,train/Orange___Haunglongbing_(Citrus_greening)/a0757154-32ee-4149-8efc-230b859649b7___UF.Citrus_HLB_Lab 0067.JPG,4,0.07960055768489838,0.8701269678086325,False
Orange___Haunglongbing_(Citrus_greening),train/Orange___Haunglongbing_(Citrus_greening)/893a66d7-3e62-4cdf-b850-a1a57e7bcd94___CREC_HLB 4462.JPG,train/Orange___Haunglongbing_(Citrus_greening)/ebf6d399-4b0f-4cc3-99ec-008226600aec___CREC_HLB 4622.JPG,4,0.09861650317907333,0.7793875818639003,False
Orange___Haunglongbing_(Citrus_greening),train/Orange___Haunglongbing_(Citrus_greening)/89b1e21b-1f98-4eee-a9ed-36aaff2f3b83___UF.Citrus_HLB_Lab 1073.JPG,val/Orange___Haunglongbing_(Citrus_greening)/f3d84426-e66d-4957-92cf-fee64fafe1ec___UF.Citrus_HLB_Lab 1070.JPG,4,0.04608466848731041,0.819418499365612,False
Orange___Haunglongbing_(Citrus_greening),train/Orange___Haunglongbing_(Citrus_greening)/8c234c74-0ac2-4d2e-96d8-8aaebac5adfa___CREC_HLB 4208.JPG,train/Orange___Haunglongbing_(Citrus_greening)/ba8af517-ae00-474e-b6a7-9b5031419cf4___CREC_HLB 4220.JPG,4,0.049055781215429306,0.907058686379204,True
Orange___Haunglongbing_(Citrus_greening),train/Orange___Haunglongbing_(Citrus_greening)/965e691c-b6b4-4b2b-9e3a-692b95c2823b___UF.Citrus_HLB_Lab 1461.JPG,train/Orange___Haunglongbing_(Citrus_greening)/cbb3a4f0-f268-450c-8f2f-9c498079065c___UF.Citrus_HLB_Lab 1462.JPG,4,0.03389189392328262,0.8485973377170796,False
Orange___Haunglongbing_(Citrus_greening),train/Orange___Haunglongbing_(Citrus_greening)/9854450e-e9e8-410f-acf1-0cf52d6becaa___CREC_HLB 3870.JPG,train/Orange___Haunglongbing_(Citrus_greening)/f60b6950-4fc3-4a6a-9177-a9620250a119___CREC_HLB 4271.JPG,4,0.09466472268104553,0.7688092647369976,False
Orange___Haunglongbing_(Citrus_greening),train/Orange___Haunglongbing_(Citrus_greening)/9ec46719-c752-4007-aedd-352a38a94b74___UF.Citrus_HLB_Lab 1206.JPG,train/Orange___Haunglongbing_(Citrus_greening)/ca4f0a61-5c1e-4bbf-b0a4-dcc0adfb6b99___UF.Citrus_HLB_Lab 1207.JPG,2,0.04878741875290871,0.7354958966581381,False
Orange___Haunglongbing_(Citrus_greening),train/Orange___Haunglongbing_(Citrus_greening)/9fe8f6a6-c1de-4897-9e30-66125ace4a31___UF.Citrus_HLB_Lab 1136.JPG,train/Orange___Haunglongbing_(Citrus_greening)/ee1cb6cb-e891-4aea-8024-695ae62527ce___UF.Citrus_HLB_Lab 1137.JPG,2,0.02448498271405697,0.9758899483080763,True
Orange___Haunglongbing_(Citrus_greening),train/Orange___Haunglongbing_(Citrus_greening)/a1399e19-7c4e-4efd-b193-4d6f2c0615a0___CREC_HLB 4384.JPG,train/Orange___Haunglongbing_(Citrus_greening)/a18221a9-8664-4b81-bf51-851f1fa7e3cf___CREC_HLB 5373.JPG,4,0.0706288069486618,0.8614543600276999,False
Orange___Haunglongbing_(Citrus_greening),train/Orange___Haunglongbing_(Citrus_greening)/a4fccae9-4f8b-4d22-903d-c9aae259ae68___UF.Citrus_HLB_Lab 1530.JPG,val/Orange___Haunglongbing_(Citrus_greening)/6fa5e8e9-e702-4888-9d0a-340d4c0c4989___UF.Citrus_HLB_Lab 0548.JPG,4,0.102070152759552,0.6652805783430688,False
Orange___Haunglongbing_(Citrus_greening),train/Orange___Haunglongbing_(Citrus_greening)/b86bd933-ecdf-4c7e-8e94-e17387c1f2ce___CREC_HLB 4906.JPG,train/Orange___Haunglongbing_(Citrus_greening)/ebf6d399-4b0f-4cc3-99ec-008226600aec___CREC_HLB 4622.JPG,4,0.08994899690151215,0.7774921240382013,False
Orange___Haunglongbing_(Citrus_greening),train/Orange___Haunglongbing_(Citrus_greening)/c8105c9a-6dd6-4bef-a490-59ca546a6d7a___UF.Citrus_HLB_Lab 9638.JPG,train/Orange___Haunglongbing_(Citrus_greening)/d1838da6-03f1-4bea-bf95-887bbbcc224d___UF.Citrus_HLB_Lab 9639.JPG,4,0.059603217989206314,0.6639473378395733,False
Orange___Haunglongbing_(Citrus_greening),train/Orange___Haunglongbing_(Citrus_greening)/e338d819-222d-4acb-8361-b2415adb5f0b___CREC_HLB 6918.JPG,val/Orange___Haunglongbing_(Citrus_greening)/f17975dc-89bd-4e4f-a604-15d7440c24e6___CREC_HLB 4663.JPG,4,0.09547590464353561,0.8208796484579408,False
Orange___Haunglongbing_(Citrus_greening),train/Orange___Haunglongbing_(Citrus_greening)/f0d185ab-2eed-4068-a78b-09a642e87f3b___CREC_HLB 5579.JPG,val/Orange___Haunglongbing_(Citrus_greening)/e85a3abf-a71a-4fe0-8473-8109abc37ce6___CREC_HLB 4637.JPG,4,0.11495141685009003,0.8069971537645265,False
Orange___Haunglongbing_(Citrus_greening),train/Orange___Haunglongbing_(Citrus_greening)/f9661097-aad8-4801-b3fc-b2c5d1b63558___CREC_HLB 5650.JPG,val/Orange___Haunglongbing_(Citrus_greening)/d02ca9ca-2dae-42a1-9aaf-f302ce32db25___CREC_HLB 5536.JPG,4,0.05223808065056801,0.9095920445518244,True
Orange___Haunglongbing_(Citrus_greening),val/Orange___Haunglongbing_(Citrus_greening)/11bdfcfd-efbc-48d1-9623-e3a91da5a3d5___UF.Citrus_HLB_Lab 1216.JPG,val/Orange___Haunglongbing_(Citrus_greening)/6de27421-3bfe-49b7-a21f-1a50caf7a1dc___UF.Citrus_HLB_Lab 1217.JPG,2,0.02440016344189644,0.9071004581496048,True
Orange___Haunglongbing_(Citrus_greening),val/Orange___Haunglongbing_(Citrus_greening)/4940d5f0-0ca8-495a-9bc6-bf760b8098d6___UF.Citrus_HLB_Lab 0405.JPG,val/Orange___Haunglongbing_(Citrus_greening)/b86bb885-949b-4c0d-88c3-95cb8591cac3___UF.Citrus_HLB_Lab 0406.JPG,4,0.03715178743004799,0.9119733582946913,True
Orange___Haunglongbing_(Citrus_greening),val/Orange___Haunglongbing_(Citrus_greening)/5e320f37-ba7c-49e7-9668-c7fa61f267da___UF.Citrus_HLB_Lab 1626.JPG,val/Orange___Haunglongbing_(Citrus_greening)/a46a039e-e655-4c48-9627-a5ed9f218203___UF.Citrus_HLB_Lab 1625.JPG,2,0.04080243781208992,0.838635452953214,False
Orange___Haunglongbing_(Citrus_greening),val/Orange___Haunglongbing_(Citrus_greening)/6fa5e8e9-e702-4888-9d0a-340d4c0c4989___UF.Citrus_HLB_Lab 0548.JPG,val/Orange___Haunglongbing_(Citrus_greening)/fdf012b4-2c83-4ed2-b385-821133c34a88___UF.Citrus_HLB_Lab 0285.JPG,4,0.08855953812599182,0.5757951511123168,False
Orange___Haunglongbing_(Citrus_greening),val/Orange___Haunglongbing_(Citrus_greening)/80305359-22cf-41bb-8641-c2dad345039b___CREC_HLB 5045.JPG,val/Orange___Haunglongbing_(Citrus_greening)/ef9142a7-a600-4541-a533-0d7069414c8f___CREC_HLB 5338.JPG,4,0.09629090875387192,0.8647344831057219,False
Peach___Bacterial_spot,train/Peach___Bacterial_spot/bc9590c3-1b7c-4381-a8af-2406a9b709c4___Rut._Bact.S 0820.JPG,train/Peach___Bacterial_spot/c49c72c2-693d-45a9-89f4-ecfcf085b549___Rut._Bact.S 0821.JPG,4,0.06428207457065582,0.7998746216272029,False
"Pepper,_bell___Bacterial_spot","train/Pepper,_bell___Bacterial_spot/43aa27d3-3a37-4245-8b20-984512abfc6c___JR_B.Spot 3386.JPG","val/Pepper,_bell___Bacterial_spot/4f539b76-13f8-43ab-a630-0cc6b1461bc9___JR_B.Spot 3381.JPG",4,0.09672748297452927,0.7529182811413954,False
"Pepper,_bell___Bacterial_spot","train/Pepper,_bell___Bacterial_spot/d0776882-b233-48b9-a7dc-a426ffc7cd0e___JR_B.Spot 3227.JPG","val/Pepper,_bell___Bacterial_spot/21556c18-1833-43a9-86b2-8e7130b4dbce___JR_B.Spot 3230.JPG",4,0.10784341394901276,0.5664425731634025,False
"Pepper,_bell___healthy","train/Pepper,_bell___healthy/08945f1c-9204-48d6-a5b4-bece52a18909___JR_HL 8056.JPG","train/Pepper,_bell___healthy/c535f12e-99d3-4270-a383-3220e97a538c___JR_HL 8055.JPG",4,0.07857292890548706,0.8338828726115621,False
"Pepper,_bell___healthy","train/Pepper,_bell___healthy/0dd09705-5593-4d01-9a9b-c1d5857daf92___JR_HL 8212.JPG","train/Pepper,_bell___healthy/253b8420-d8a7-4278-8f5c-b1a0dd709138___JR_HL 8214.JPG",4,0.13493257761001587,0.7611416755162551,False
"Pepper,_bell___healthy","train/Pepper,_bell___healthy/21d172cd-9cac-4bad-bdcb-4f72eb265f5a___JR_HL 8422.JPG","train/Pepper,_bell___healthy/4a4478b6-4d10-4973-b884-548ff3e1b444___JR_HL 8428.JPG",4,0.1089508980512619,0.7606950256164844,False
"Pepper,_bell___healthy","train/Pepper,_bell___healthy/432a3897-5e80-45d6-b795-4fa206a58e26___JR_HL 8595.JPG","train/Pepper,_bell___healthy/f460de9c-14ab-4bac-8cb6-b25c958ae78f___JR_HL 8596.JPG",4,0.03883768618106842,0.9093301046753997,True
"Pepper,_bell___healthy","train/Pepper,_bell___healthy/8ad15a2e-9a13-4a7d-ad6e-8c196d65e81c___JR_HL 8194.JPG","train/Pepper,_bell___healthy/c850904d-59ff-4125-998d-4fdd8fa83d56___JR_HL 8193.JPG",4,0.13104689121246338,0.5556938327343252,False
"Pepper,_bell___healthy","train/Pepper,_bell___healthy/9ec19588-69dc-438b-b257-7a987ff403e2___JR_HL 8621.JPG","val/Pepper,_bell___healthy/ca1c9cb1-75e6-4937-85ec-814aaac3bc32___JR_HL 8620.JPG",4,0.06225590035319328,0.8215947800690357,False
"Pepper,_bell___healthy","train/Pepper,_bell___healthy/b39dd01c-b297-4d3f-ad79-c06a488a99cd___JR_HL 8268.JPG","val/Pepper,_bell___healthy/49b4fd49-ffc0-40c3-ad76-452b933d58c7___JR_HL 8267.JPG",4,0.0700656995177269,0.855647625341931,False
"Pepper,_bell___healthy","train/Pepper,_bell___healthy/e7d0f9a3-f28d-4c66-aba7-ce7c831590f5___JR_HL 8249.JPG","val/Pepper,_bell___healthy/2a5eb7c8-4c8b-43a6-9448-b3983beef06c___JR_HL 8248.JPG",2,0.07450129091739655,0.8966184574786513,False
"Pepper,_bell___healthy","val/Pepper,_bell___healthy/1b574484-60cd-4ae4-83ed-511a5ae07ea8___JR_HL 7849.JPG","val/Pepper,_bell___healthy/565744a9-b6ab-46c2-bc42-f92731c6ff4c___JR_HL 7850.JPG",2,0.08667635172605515,0.8759698965766701,False
"Pepper,_bell___healthy","val/Pepper,_bell___healthy/79fb9f7d-f4e1-4e0e-9968-b2e3ab9f8953___JR_HL 8409.JPG","val/Pepper,_bell___healthy/9b2cfd07-d31c-4bc5-b055-dbb36090a4b1___JR_HL 8411.JPG",2,0.10363774746656418,0.8691383282156773,False
"Pepper,_bell___healthy","val/Pepper,_bell___healthy/a6df86ad-1d11-43f3-9a71-7aa4a9c35b8b___JR_HL 8272.JPG","val/Pepper,_bell___healthy/df911e7c-0200-4e05-9076-6c40141bcbab___JR_HL 8273.JPG",4,0.12379096448421478,0.8406973706957953,False
Potato___Early_blight,train/Potato___Early_blight/1c4e0445-375a-4c5d-b6fd-6123d22f009f___RS_Early.B 7972.JPG,train/Potato___Early_blight/49b24f9e-12d4-4f32-8bc8-482d66514a17___RS_Early.B 8037.JPG,4,0.10863148421049118,0.6626495758547497,False
Potato___Early_blight,train/Potato___Early_blight/5aee3e9f-0469-42e7-8ae7-56f7a1900fd5___RS_Early.B 9091.JPG,val/Potato___Early_blight/bc378ba0-533d-42db-a8b2-82decc73f4d5___RS_Early.B 9092.JPG,2,0.10846298187971115,0.871665312407341,False
Potato___Late_blight,train/Potato___Late_blight/c89d5a2a-2c1e-496e-84b8-b7a844a97ac9___RS_LB 4920.JPG,train/Potato___Late_blight/f528b00d-99a6-41db-8d96-9eed58b519c1___RS_LB 4544.JPG,4,0.1154140904545784,0.6954541185886943,False
Raspberry___healthy,train/Raspberry___healthy/102dcdc7-69ca-443d-a5e5-7c861092fa4e___Mary_HL 9259.JPG,train/Raspberry___healthy/aebc17a4-00bc-4a37-9942-7ada247ddb48___Mary_HL 9258.JPG,4,0.07907035946846008,0.7973536400754996,False
Raspberry___healthy,train/Raspberry___healthy/11eb28ed-0d05-46c9-a2a8-e325d8bf2b38___Mary_HL 9265.JPG,train/Raspberry___healthy/b00a6846-c092-4461-8b52-da94e81d960d___Mary_HL 9266.JPG,4,0.06625788658857346,0.7710878251770472,False
Raspberry___healthy,train/Raspberry___healthy/1588fdc0-3aa4-4c75-b813-7a62780136ad___Mary_HL 9186.JPG,val/Raspberry___healthy/eb8b3204-11d3-4a9b-b7b8-b24a60ef3d57___Mary_HL 9187.JPG,4,0.09154980629682541,0.6400052389762101,False
Raspberry___healthy,train/Raspberry___healthy/27ef7a65-771c-4eab-9169-03a5fa121c71___Mary_HL 9195.JPG,val/Raspberry___healthy/7fdeb60a-15db-4759-858a-e1118bad583a___Mary_HL 9194.JPG,4,0.11499551683664322,0.8362039379761298,False
Raspberry___healthy,train/Raspberry___healthy/2acf2191-96db-4afa-bcdf-77590e0b7428___Mary_HL 6233.JPG,train/Raspberry___healthy/9f63daed-c468-4783-94c9-c703187a37ad___Mary_HL 6303.JPG,4,0.08300554007291794,0.8177348976512083,False
Raspberry___healthy,train/Raspberry___healthy/366e35f2-7492-49bc-a85c-b8da33fabfa0___Mary_HL 9349.JPG,train/Raspberry___healthy/4c210242-adfc-4011-88e5-3380cbee49b1___Mary_HL 9351.JPG,4,0.09265230596065521,0.7925626692006329,False
Raspberry___healthy,train/Raspberry___healthy/4b3a7218-7ea2-4ded-accb-2dd6d782daa6___Mary_HL 6246.JPG,train/Raspberry___healthy/4c210242-adfc-4011-88e5-3380cbee49b1___Mary_HL 9351.JPG,4,0.07608676701784134,0.8630735536323513,False
Raspberry___healthy,train/Raspberry___healthy/5829c049-aa10-494a-9663-8ce0677e64f7___Mary_HL 6330.JPG,train/Raspberry___healthy/7ba1a91f-41d0-4ff2-a994-4d469ad26b0c___Mary_HL 6370.JPG,4,0.07193896919488907,0.8474061729212888,False
Raspberry___healthy,train/Raspberry___healthy/5829c049-aa10-494a-9663-8ce0677e64f7___Mary_HL 6330.JPG,train/Raspberry___healthy/fe1c1683-06cc-49c5-b86a-a41fb36f058b___Mary_HL 6249.JPG,4,0.08575893193483353,0.8419623911920989,False
Raspberry___healthy,train/Raspberry___healthy/59305710-b9c7-4482-afff-1b3446f351c7___Mary_HL 9338.JPG,train/Raspberry___healthy/f942155e-54d8-4724-a509-92745205d414___Mary_HL 9345.JPG,4,0.1613997519016266,0.8930563799665954,False
Raspberry___healthy,train/Raspberry___healthy/599c43e6-e742-4bc6-92a1-a1ebe4fa820a___Mary_HL 9158.JPG,train/Raspberry___healthy/dbaa5f62-187f-422b-ac84-12c6e7b12025___Mary_HL 9164.JPG,4,0.07101205736398697,0.8851527459119282,False
Raspberry___healthy,train/Raspberry___healthy/6b61c54a-9670-4049-8435-79e1b4e3c1d6___Mary_HL 6361.JPG,train/Raspberry___healthy/a8530446-f16a-4c42-abb9-bbe2d83bb94d___Mary_HL 6353.JPG,4,0.08590643852949142,0.829496811400684,False
Raspberry___healthy,train/Raspberry___healthy/6b61c54a-9670-4049-8435-79e1b4e3c1d6___Mary_HL 6361.JPG,train/Raspberry___healthy/fe1c1683-06cc-49c5-b86a-a41fb36f058b___Mary_HL 6249.JPG,4,0.09022161364555359,0.8272103903942252,False
Raspberry___healthy,train/Raspberry___healthy/6f4c7d33-4f72-44e7-9354-2e8e86fcd304___Mary_HL 9191.JPG,train/Raspberry___healthy/b4e5bed9-5737-4903-b30a-3d3b88c91f4f___Mary_HL 9190.JPG,4,0.06345897167921066,0.8710705989560487,False
Raspberry___healthy,train/Raspberry___healthy/9fef3df4-201a-4c35-ba56-1142ccebeba0___Mary_HL 9230.JPG,val/Raspberry___healthy/e1b5fa88-4c95-4845-a422-20c96d77b384___Mary_HL 9229.JPG,4,0.06488347053527832,0.8494845265291995,False
Raspberry___healthy,train/Raspberry___healthy/ae5a17be-bbf6-47dd-a04d-7fdaa7703a74___Mary_HL 9324.JPG,train/Raspberry___healthy/eda7f6bf-dc99-4287-a38c-f259e2f21886___Mary_HL 9323.JPG,4,0.10586390644311905,0.752924442171045,False
Raspberry___healthy,train/Raspberry___healthy/ae5a17be-bbf6-47dd-a04d-7fdaa7703a74___Mary_HL 9324.JPG,val/Raspberry___healthy/6c23e00e-1d59-4958-9eba-91023e6ddaed___Mary_HL 9325.JPG,4,0.09693783521652222,0.791612205825058,False
Raspberry___healthy,train/Raspberry___healthy/b4e5bed9-5737-4903-b30a-3d3b88c91f4f___Mary_HL 9190.JPG,val/Raspberry___healthy/141f4953-4e0d-4e5d-bb1b-e3a880cd7bf6___Mary_HL 9192.JPG,4,0.07912766188383102,0.8838738448834628,False
Raspberry___healthy,train/Raspberry___healthy/dc625fd1-1e66-4b78-882a-9be38921e30f___Mary_HL 9333.JPG,val/Raspberry___healthy/837ce07f-c8df-42c6-8b24-a6d93b6e60dc___Mary_HL 9332.JPG,2,0.08704371005296707,0.8410361884611877,False
Raspberry___healthy,val/Raspberry___healthy/0f973c31-b338-438e-8162-e005738c659e___Mary_HL 9257.JPG,val/Raspberry___healthy/7f771790-da66-43db-a051-5900affecc6e___Mary_HL 9261.JPG,2,0.07826514542102814,0.8108677414154031,False
Soybean___healthy,train/Soybean___healthy/0029bef1-201b-4dcc-9f84-d01dfc24785d___RS_HL 6484.JPG,train/Soybean___healthy/090ce827-c5bb-4353-ae69-3d1a2c9c0814___RS_HL 6470.JPG,4,0.08260101824998856,0.7243885558443712,False
Soybean___healthy,train/Soybean___healthy/0029bef1-201b-4dcc-9f84-d01dfc24785d___RS_HL 6484.JPG,train/Soybean___healthy/b6dd3896-b46d-46cd-a89b-8d015dc3c38e___RS_HL 6483.JPG,4,0.0701632872223854,0.8005132609117458,False
Soybean___healthy,train/Soybean___healthy/01104aee-fd81-4d74-9ff3-5e793da256be___RS_HL 4502.JPG,train/Soybean___healthy/78742856-a34f-4279-ba6f-aab9f395a73f___RS_HL 5671 1.JPG,4,0.11093806475400925,0.6938452371064325,False
Soybean___healthy,train/Soybean___healthy/01104aee-fd81-4d74-9ff3-5e793da256be___RS_HL 4502.JPG,train/Soybean___healthy/8c76beff-437e-4c5a-8c6a-eed877004255___RS_HL 5331.JPG,4,0.08599933981895447,0.8735442577652864,False
Soybean___healthy,train/Soybean___healthy/01104aee-fd81-4d74-9ff3-5e793da256be___RS_HL 4502.JPG,train/Soybean___healthy/98a539a4-6cc9-4fe2-a240-84a658825869___RS_HL 4625.JPG,4,0.12714233994483948,0.8122405755346548,False
Soybean___healthy,train/Soybean___healthy/01104aee-fd81-4d74-9ff3-5e793da256be___RS_HL 4502.JPG,train/Soybean___healthy/b23bc2ab-d7f6-47dc-a0d4-03beaa7cb1a7___RS_HL 4226.JPG,4,0.06809200346469879,0.8226786034035445,False
Soybean___healthy,train/Soybean___healthy/01104aee-fd81-4d74-9ff3-5e793da256be___RS_HL 4502.JPG,train/Soybean___healthy/eb6d0eee-eea7-45ea-9855-1282cdd263e3___RS_HL 3819.JPG,4,0.1014132872223854,0.7968530943108235,False
Soybean___healthy,train/Soybean___healthy/01104aee-fd81-4d74-9ff3-5e793da256be___RS_HL 4502.JPG,val/Soybean___healthy/18075112-de5a-402b-8957-bd94525bb362___RS_HL 3378.JPG,4,0.09171630442142487,0.8034072979588569,False
Soybean___healthy,train/Soybean___healthy/018c61ed-c8cd-4e0c-b0e1-4f2531eeed6b___RS_HL 2880.JPG,train/Soybean___healthy/2d457a27-71d9-4b38-ba4f-36b1a88bf755___RS_HL 5461.JPG,4,0.08371942490339279,0.7716879255510105,False
Soybean___healthy,train/Soybean___healthy/018c9b04-ff44-4fb2-b83f-cacd62198ed4___RS_HL 5408.JPG,train/Soybean___healthy/c27e227c-ce19-40af-8edb-d40f5f73c725___RS_HL 5424.JPG,4,0.0911632850766182,0.8794463043061288,False
Soybean___healthy,train/Soybean___healthy/021fd775-de0f-4583-ade1-ebfe61f2ae6f___RS_HL 6075.JPG,train/Soybean___healthy/f7800cef-542e-4c6d-8c69-78fb88ccc276___RS_HL 6417.JPG,4,0.14082911610603333,0.5837160783404111,False
Soybean___healthy,train/Soybean___healthy/021fd775-de0f-4583-ade1-ebfe61f2ae6f___RS_HL 6075.JPG,val/Soybean___healthy/f563dc05-1779-4cc5-8778-be6840989ae6___RS_HL 6076.JPG,4,0.07993472367525101,0.7939371705086494,False
Soybean___healthy,train/Soybean___healthy/029201ad-36b4-41ad-ba0e-2a4b1c8f79ad___RS_HL 4814.JPG,train/Soybean___healthy/68852af6-4946-48a4-a9d2-4875ffc22698___RS_HL 4797.JPG,4,0.07285326719284058,0.8406822602483612,False
Soybean___healthy,train/Soybean___healthy/02939fee-0408-46de-81c7-e0ecf75fb9f5___RS_HL 4664.JPG,train/Soybean___healthy/b4b751f7-7fe1-4ac9-9d43-41c5c18c4f7a___RS_HL 3291.JPG,4,0.09476329386234283,0.8426410932965641,False
Soybean___healthy,train/Soybean___healthy/02f3a559-6f7c-43d4-bd61-23951756f43e___RS_HL 5805 1.JPG,train/Soybean___healthy/23c541f5-e1f9-45a4-9e05-4a4ed0609b60___RS_HL 4832.JPG,4,0.09298349916934967,0.7251650691634081,False
Soybean___healthy,train/Soybean___healthy/02f3a559-6f7c-43d4-bd61-23951756f43e___RS_HL 5805 1.JPG,val/Soybean___healthy/66470940-d138-4a1c-8c96-0fcd0b6a6f7f___RS_HL 6346.JPG,2,0.1027054414153099,0.8001263090022726,False
Soybean___healthy,train/Soybean___healthy/03215c62-cd81-4e62-8934-a210550c085b___RS_HL 4468.JPG,train/Soybean___healthy/33593194-35ad-45d1-bc89-d56a6b1151b1___RS_HL 3896.JPG,4,0.08114773035049438,0.8916964417948806,False
Soybean___healthy,train/Soybean___healthy/0349cb1c-194d-43e9-9d53-170e816d337e___RS_HL 5180.JPG,train/Soybean___healthy/1b951855-b456-4f7c-b0b1-cf663d047929___RS_HL 5482.JPG,2,0.10858126729726791,0.81986237398947,False
Soybean___healthy,train/Soybean___healthy/0349cb1c-194d-43e9-9d53-170e816d337e___RS_HL 5180.JPG,train/Soybean___healthy/1cd0339b-fc9c-401d-98a0-90bc4fe4f036___RS_HL 4009.JPG,4,0.15613879263401031,0.7577159515159071,False
Soybean___healthy,train/Soybean___healthy/0349cb1c-194d-43e9-9d53-170e816d337e___RS_HL 5180.JPG,train/Soybean___healthy/22ddbc54-2ed0-4f3d-8015-9d44e9b809ba___RS_HL 3686.JPG,4,0.14488328993320465,0.7935465320536086,False
Soybean___healthy,train/Soybean___healthy/0349cb1c-194d-43e9-9d53-170e816d337e___RS_HL 5180.JPG,train/Soybean___healthy/2d457a27-71d9-4b38-ba4f-36b1a88bf755___RS_HL 5461.JPG,4,0.07969103753566742,0.7719483324665457,False
Soybean___healthy,train/Soybean___healthy/0349cb1c-194d-43e9-9d53-170e816d337e___RS_HL 5180.JPG,train/Soybean___healthy/eddf509b-db08-47ae-b836-ea3c35c0cd04___RS_HL 5523 1.JPG,4,0.16416874527931213,0.7749557206076158,False
Soybean___healthy,train/Soybean___healthy/04f0e8b3-fedc-4b17-8655-b8ee371ad23f___RS_HL 2737.JPG,train/Soybean___healthy/9285995f-5890-467a-bdd8-2142f329e45d___RS_HL 3623.JPG,4,0.07841704785823822,0.8116198640181165,False
Soybean___healthy,train/Soybean___healthy/056ec80d-2407-4683-87b4-21197c4e493d___RS_HL 4498.JPG,train/Soybean___healthy/16248d15-e455-46ac-8924-4905312549dd___RS_HL 4244.JPG,4,0.0792812705039978,0.8504842177397087,False
Soybean___healthy,train/Soybean___healthy/056ec80d-2407-4683-87b4-21197c4e493d___RS_HL 4498.JPG,train/Soybean___healthy/53e709d9-4a67-4852-8948-38c4b465e95d___RS_HL 4111.JPG,4,0.08955000340938568,0.7205689636453018,False
Soybean___healthy,train/Soybean___healthy/058d647e-b0e3-4a26-8fa5-21f5357909e4___RS_HL 5302.JPG,train/Soybean___healthy/aac7c960-a5f5-4631-9be8-aa3cfd4d6094___RS_HL 5050.JPG,4,0.0859789177775383,0.7529031918542411,False
Soybean___healthy,train/Soybean___healthy/05daad89-038d-4766-bbfd-0f74afb0147a___RS_HL 6317.JPG,train/Soybean___healthy/2bf1a7ed-f82a-4906-a2a7-4b8d6e813300___RS_HL 6319.JPG,4,0.056977350264787674,0.8551600705448168,False
Soybean___healthy,train/Soybean___healthy/05daad89-038d-4766-bbfd-0f74afb0147a___RS_HL 6317.JPG,train/Soybean___healthy/fde813a6-fdf0-4cdd-935a-02a7fe012d51___RS_HL 6307.JPG,4,0.059299539774656296,0.855287197655997,False
Soybean___healthy,train/Soybean___healthy/05ef443c-075a-4f36-aa2a-02de3dece6d0___RS_HL 6739.JPG,train/Soybean___healthy/1d498862-7123-485e-aa6e-392f08232f6d___RS_HL 6738.JPG,4,0.07020016759634018,0.7949944061950258,False
Soybean___healthy,train/Soybean___healthy/05ef443c-075a-4f36-aa2a-02de3dece6d0___RS_HL 6739.JPG,train/Soybean___healthy/5d91670d-1d98-4bc0-953f-0cc93332b1e2___RS_HL 5987.JPG,4,0.09306888282299042,0.7221744033745683,False
Soybean___healthy,train/Soybean___healthy/05ef443c-075a-4f36-aa2a-02de3dece6d0___RS_HL 6739.JPG,train/Soybean___healthy/e1cce563-0ddc-4af6-9556-e3beb4d6a065___RS_HL 6412.JPG,4,0.08846620470285416,0.8181128017804,False
Soybean___healthy,train/Soybean___healthy/066af85e-bd60-466e-ac80-e0b0ace2307e___RS_HL 5067.JPG,train/Soybean___healthy/07186037-2aac-496e-8396-3a9967a7fdea___RS_HL 4283.JPG,4,0.09430047124624252,0.7785951089878271,False
Soybean___healthy,train/Soybean___healthy/066af85e-bd60-466e-ac80-e0b0ace2307e___RS_HL 5067.JPG,train/Soybean___healthy/b71c6688-52cd-4b2c-b3df-3fa35c3fcbdb___RS_HL 5282.JPG,4,0.07739538699388504,0.794218997643145,False
Soybean___healthy,train/Soybean___healthy/066af85e-bd60-466e-ac80-e0b0ace2307e___RS_HL 5067.JPG,train/Soybean___healthy/ee016082-8bf6-40e9-b8fe-01fed30993e2___RS_HL 5128.JPG,4,0.07554224878549576,0.8293717726755752,False
Soybean___healthy,train/Soybean___healthy/069aa38e-5d0b-41a9-ad40-a87b943fa209___RS_HL 4335.JPG,train/Soybean___healthy/423d88db-3db3-4437-b1b0-91c326431d94___RS_HL 4228.JPG,4,0.06564953923225403,0.8524147388944389,False
Soybean___healthy,train/Soybean___healthy/070105e6-0f29-4d92-8962-a6bed0c979e0___RS_HL 4174.JPG,train/Soybean___healthy/70431d09-acff-4898-9c19-6d994bb72f77___RS_HL 4579.JPG,4,0.1397651731967926,0.785879318382474,False
Soybean___healthy,train/Soybean___healthy/07186037-2aac-496e-8396-3a9967a7fdea___RS_HL 4283.JPG,train/Soybean___healthy/16d43818-4404-4882-87b2-583bcf0a799d___RS_HL 4285.JPG,4,0.09187431633472443,0.7999738294871419,False
Soybean___healthy,train/Soybean___healthy/07186037-2aac-496e-8396-3a9967a7fdea___RS_HL 4283.JPG,train/Soybean___healthy/b6d3d2d3-1cc2-4d0e-8555-143068142478___RS_HL 4650.JPG,2,0.13897016644477844,0.8251240378208821,False
Soybean___healthy,train/Soybean___healthy/07186037-2aac-496e-8396-3a9967a7fdea___RS_HL 4283.JPG,train/Soybean___healthy/b71c6688-52cd-4b2c-b3df-3fa35c3fcbdb___RS_HL 5282.JPG,4,0.09813836961984634,0.8242032059906712,False
Soybean___healthy,train/Soybean___healthy/07186037-2aac-496e-8396-3a9967a7fdea___RS_HL 4283.JPG,train/Soybean___healthy/d4a90bc6-db0f-43e2-b3ac-7b178b6fb3ec___RS_HL 4058.JPG,4,0.07956352829933167,0.8127253283817063,False
Soybean___healthy,train/Soybean___healthy/072b7b04-b66e-44ee-b141-481916ab425e___RS_HL 7226.JPG,train/Soybean___healthy/be38b988-c458-4508-8bcf-cb394fb87de8___RS_HL 5596 1.JPG,4,0.1296972930431366,0.8656736451342993,False
Soybean___healthy,train/Soybean___healthy/077d10df-e2f6-4d89-ba8d-0b7aea3d9606___RS_HL 6957.JPG,train/Soybean___healthy/379b93ea-da9c-48c6-aca9-b285d39aad3d___RS_HL 5339.JPG,4,0.11886531114578247,0.7260576460649621,False
Soybean___healthy,train/Soybean___healthy/07aa8b8d-763d-44e6-a07b-0fcc805bef5d___RS_HL 3127.JPG,train/Soybean___healthy/97d5eac5-a52b-4918-a31d-a0e1371780f4___RS_HL 4488.JPG,4,0.11925040930509567,0.7051857405886977,False
Soybean___healthy,train/Soybean___healthy/07aa8b8d-763d-44e6-a07b-0fcc805bef5d___RS_HL 3127.JPG,train/Soybean___healthy/e9dfdda7-6ae4-4586-a9a2-1d7414540a29___RS_HL 3704.JPG,4,0.12459632754325867,0.7091123103470008,False
Soybean___healthy,train/Soybean___healthy/07aa8b8d-763d-44e6-a07b-0fcc805bef5d___RS_HL 3127.JPG,val/Soybean___healthy/a8198502-a3f1-4418-9687-a3aea6638690___RS_HL 6208.JPG,4,0.17590337991714478,0.8177243992670576,False
Soybean___healthy,train/Soybean___healthy/07d1b819-a197-4ef5-8174-0057630d4bd5___RS_HL 4747.JPG,train/Soybean___healthy/5913c19a-1c53-4db8-a4bc-47bb13053965___RS_HL 4733.JPG,4,0.10954761505126953,0.8340406246521438,False
Soybean___healthy,train/Soybean___healthy/07d1b819-a197-4ef5-8174-0057630d4bd5___RS_HL 4747.JPG,val/Soybean___healthy/95bf2338-1340-47c0-8327-458953933f89___RS_HL 7211.JPG,4,0.11535394936800003,0.7819393693018641,False
Soybean___healthy,train/Soybean___healthy/07ed2de2-1a88-4b3b-adc2-94102d5eaba5___RS_HL 4700.JPG,val/Soybean___healthy/1de56755-4034-4806-8d54-907c3076757a___RS_HL 4361.JPG,4,0.08669265359640121,0.7695043009370748,False
Soybean___healthy,train/Soybean___healthy/088221ec-3821-475c-a817-84e68fa5b5bb___RS_HL 5176.JPG,train/Soybean___healthy/efea30a2-fedf-49b6-94d3-9dc2c43c1b53___RS_HL 3024.JPG,4,0.10571327805519104,0.8081738750784695,False
Soybean___healthy,train/Soybean___healthy/08cd0e91-0723-4d28-b705-d02519f910db___RS_HL 4573.JPG,train/Soybean___healthy/8c583f4e-75d5-43d1-be0c-70d4d4c4aa06___RS_HL 4571.JPG,4,0.06393938511610031,0.8683951644456219,False
Soybean___healthy,train/Soybean___healthy/08e8d2fa-6aff-4a9d-bdcc-b3c73682ed6a___RS_HL 4672.JPG,val/Soybean___healthy/0f51e99c-4383-4ad4-a366-85b5e1be7248___RS_HL 3723.JPG,4,0.07202719151973724,0.8276309209655526,False
Soybean___healthy,train/Soybean___healthy/08f5b052-40a8-4bbb-b6c9-0a1d1c338952___RS_HL 4504.JPG,train/Soybean___healthy/2b876fda-8f73-4000-9bbb-3752922608b5___RS_HL 4512.JPG,4,0.06811711192131042,0.8598038184708924,False
Soybean___healthy,train/Soybean___healthy/094fb261-aad7-43d8-8d04-77ed9cad2c94___RS_HL 3294.JPG,train/Soybean___healthy/606a802f-0342-4889-a12f-09896ed38c7d___RS_HL 3160.JPG,4,0.07034242898225784,0.8665222486908396,False
Soybean___healthy,train/Soybean___healthy/099ab0cb-1350-48c4-8134-db73479c3401___RS_HL 3598.JPG,train/Soybean___healthy/16248d15-e455-46ac-8924-4905312549dd___RS_HL 4244.JPG,4,0.07627739757299423,0.8376716924513958,False
Soybean___healthy,train/Soybean___healthy/099ab0cb-1350-48c4-8134-db73479c3401___RS_HL 3598.JPG,train/Soybean___healthy/9e65c8f4-f861-49c5-ae78-50b134ec3670___RS_HL 5716 1.JPG,4,0.06933266669511795,0.8454336291911361,False
Soybean___healthy,train/Soybean___healthy/099ab0cb-1350-48c4-8134-db73479c3401___RS_HL 3598.JPG,val/Soybean___healthy/37aefbb7-8016-4984-95bf-3490280b3f3e___RS_HL 3914.JPG,4,0.06149662286043167,0.864953442377211,False
Soybean___healthy,train/Soybean___healthy/099ab0cb-1350-48c4-8134-db73479c3401___RS_HL 3598.JPG,val/Soybean___healthy/42f9d6af-6ef5-4c21-abfc-9aece98087e2___RS_HL 3843.JPG,4,0.06901027262210846,0.8979169321955953,False
Soybean___healthy,train/Soybean___healthy/0a2fc5a4-8365-4954-8574-3d4d55de48ba___RS_HL 4003.JPG,train/Soybean___healthy/779e834c-7c2e-4815-b8d4-55ff2889c395___RS_HL 5283.JPG,4,0.11955209821462631,0.8119630849527774,False
Soybean___healthy,train/Soybean___healthy/0a2fc5a4-8365-4954-8574-3d4d55de48ba___RS_HL 4003.JPG,val/Soybean___healthy/1ba63a9d-673b-47f1-8440-a03fa8bd2332___RS_HL 4501.JPG,4,0.08595281839370728,0.8118079389182297,False
Soybean___healthy,train/Soybean___healthy/0a4cd545-403e-4ac2-b202-1fd78c5e835d___RS_HL 5425.JPG,train/Soybean___healthy/15925314-c2fc-4e3c-a28c-1e5e878a9bec___RS_HL 3069.JPG,4,0.11365257948637009,0.8099854225542751,False
Soybean___healthy,train/Soybean___healthy/0a4cd545-403e-4ac2-b202-1fd78c5e835d___RS_HL 5425.JPG,train/Soybean___healthy/67d35061-cc49-46b7-ba59-0bf8cb621da1___RS_HL 3978.JPG,4,0.087007537484169,0.7938069979828339,False
Soybean___healthy,train/Soybean___healthy/0a802bf3-4175-415e-86f7-71f825d927e8___RS_HL 4574.JPG,train/Soybean___healthy/d176a290-f657-4ea4-850f-fea38d42d01d___RS_HL 4248.JPG,4,0.08532305061817169,0.8743708670219306,False
Soybean___healthy,train/Soybean___healthy/0a8f073a-78c9-46d9-909e-7e668f888156___RS_HL 5836.JPG,train/Soybean___healthy/dffc70ea-0343-4133-8474-f42c5215866a___RS_HL 5671.JPG,4,0.07684703171253204,0.8306240889223175,False
Soybean___healthy,train/Soybean___healthy/0ace9851-e45a-4cca-a565-bcd9e901732f___RS_HL 5573.JPG,val/Soybean___healthy/f47feb83-da09-4f5a-b2a1-82b40b244879___RS_HL 5571.JPG,4,0.07851719111204147,0.8266465861005307,False
Soybean___healthy,train/Soybean___healthy/0aebda94-897e-4356-b3d1-71daca64ffe4___RS_HL 4895.JPG,train/Soybean___healthy/ce37401f-8cb8-4eb6-b903-a9e166915ad2___RS_HL 5344.JPG,4,0.10499202460050583,0.7413253897241889,False
Soybean___healthy,train/Soybean___healthy/0b3e4ee1-8f07-45d3-a0ab-fab31c8a4084___RS_HL 5032.JPG,train/Soybean___healthy/12d97081-b540-4fe8-9615-1334aebd0644___RS_HL 5355.JPG,4,0.0916948914527893,0.8437658533394063,False
Soybean___healthy,train/Soybean___healthy/0b3e4ee1-8f07-45d3-a0ab-fab31c8a4084___RS_HL 5032.JPG,train/Soybean___healthy/eddf509b-db08-47ae-b836-ea3c35c0cd04___RS_HL 5523 1.JPG,4,0.0931520089507103,0.8224642109363756,False
Soybean___healthy,train/Soybean___healthy/0b3e4ee1-8f07-45d3-a0ab-fab31c8a4084___RS_HL 5032.JPG,val/Soybean___healthy/664f9310-09a2-40d9-93ee-8761599128c8___RS_HL 3521.JPG,4,0.09508442133665085,0.777982851569806,False
Soybean___healthy,train/Soybean___healthy/0b3e4ee1-8f07-45d3-a0ab-fab31c8a4084___RS_HL 5032.JPG,val/Soybean___healthy/d75d07a5-87dc-42ed-bb0e-93fdd4986cde___RS_HL 3611.JPG,4,0.10290245711803436,0.789709645365629,False
Soybean___healthy,train/Soybean___healthy/0b6ed97a-5668-4d9d-a40b-ed8029bc2492___RS_HL 5021.JPG,train/Soybean___healthy/ce37401f-8cb8-4eb6-b903-a9e166915ad2___RS_HL 5344.JPG,4,0.08665507286787033,0.8345608940641632,False
Soybean___healthy,train/Soybean___healthy/0c7ebfd3-94e6-4c52-aeec-6eb4b73d4372___RS_HL 6306.JPG,val/Soybean___healthy/3bc5eed9-18c5-4fd0-96a8-3a4f1378baaf___RS_HL 5986.JPG,4,0.182695209980011,0.6045000410778913,False
Soybean___healthy,train/Soybean___healthy/0ca2cd1f-bd70-49f5-9e1d-fb51958aee44___RS_HL 5014.JPG,train/Soybean___healthy/b92ff029-51a7-4a2f-8dce-708b5c7f5f95___RS_HL 5072.JPG,4,0.08632472902536392,0.7874457112478475,False
Soybean___healthy,train/Soybean___healthy/0ca2cd1f-bd70-49f5-9e1d-fb51958aee44___RS_HL 5014.JPG,train/Soybean___healthy/cec39ec4-681a-4a6f-baba-b56cf2b3b277___RS_HL 4458.JPG,4,0.08108958601951599,0.8039621377590362,False
Soybean___healthy,train/Soybean___healthy/0dc23335-5634-4644-85bc-eab21917a61f___RS_HL 5552.JPG,val/Soybean___healthy/9889ca51-72a8-430f-8341-6fe433f77885___RS_HL 5554.JPG,4,0.07102538645267487,0.8623226227499898,False
Soybean___healthy,train/Soybean___healthy/0e13f0ee-3fe9-47ae-92cb-12605c1b593b___RS_HL 4978.JPG,train/Soybean___healthy/369b2555-d3f0-45db-a85c-728de7bbd02e___RS_HL 3531.JPG,4,0.06934133172035217,0.8164422202280462,False
Soybean___healthy,train/Soybean___healthy/0e13f0ee-3fe9-47ae-92cb-12605c1b593b___RS_HL 4978.JPG,train/Soybean___healthy/d3fb1cb4-e26b-490d-bcd8-696f9626238f___RS_HL 4030.JPG,4,0.06183236092329025,0.8513766241087409,False
Soybean___healthy,train/Soybean___healthy/0e13f0ee-3fe9-47ae-92cb-12605c1b593b___RS_HL 4978.JPG,val/Soybean___healthy/49927895-f02b-467a-871f-48497291c25a___RS_HL 5422.JPG,4,0.06501906365156174,0.8909426803347299,False
Soybean___healthy,train/Soybean___healthy/0e4e98ca-4127-4370-ab27-1f20adb02754___RS_HL 5232.JPG,train/Soybean___healthy/152b6942-b876-402b-b69e-d8294bd0e264___RS_HL 5487.JPG,2,0.10746073722839355,0.8748043013953843,False
Soybean___healthy,train/Soybean___healthy/0e4e98ca-4127-4370-ab27-1f20adb02754___RS_HL 5232.JPG,train/Soybean___healthy/898a94d9-bc7c-4c66-9b33-09313b59c714___RS_HL 6906.JPG,4,0.10177341103553772,0.7949110644485491,False
Soybean___healthy,train/Soybean___healthy/0e4e98ca-4127-4370-ab27-1f20adb02754___RS_HL 5232.JPG,train/Soybean___healthy/faaf1977-8121-4b49-88f5-46b21b4e400e___RS_HL 4623.JPG,4,0.0854661762714386,0.786611998038688,False
Soybean___healthy,train/Soybean___healthy/0e4e98ca-4127-4370-ab27-1f20adb02754___RS_HL 5232.JPG,val/Soybean___healthy/c26f8f2c-6c70-4f51-88fb-49c780e667f8___RS_HL 5426.JPG,4,0.079033762216568,0.8830797237580529,False
Soybean___healthy,train/Soybean___healthy/0e4e98ca-4127-4370-ab27-1f20adb02754___RS_HL 5232.JPG,val/Soybean___healthy/daa91624-f9bc-438b-b3a4-19bbdae8470b___RS_HL 7314.JPG,4,0.10548406094312668,0.8512089030301946,False
Soybean___healthy,train/Soybean___healthy/0edc8acf-0348-406e-a409-6a578ad8c604___RS_HL 3414.JPG,train/Soybean___healthy/22fc8389-cc4f-44cf-8d9f-8287a3ece3b7___RS_HL 3133.JPG,4,0.10125669836997986,0.8081836108221603,False
Soybean___healthy,train/Soybean___healthy/0edc8acf-0348-406e-a409-6a578ad8c604___RS_HL 3414.JPG,train/Soybean___healthy/fbd3c90b-6714-4bb4-8aad-a21f681dbd10___RS_HL 3732.JPG,4,0.11835653334856033,0.7849837946829348,False
Soybean___healthy,train/Soybean___healthy/0f04ef1e-2a20-4986-9530-40707c70b708___RS_HL 7145.JPG,train/Soybean___healthy/4daea54f-0aed-4fe1-9194-74f8acc23bc1___RS_HL 5507.JPG,4,0.0930541381239891,0.8344294633094401,False
Soybean___healthy,train/Soybean___healthy/0f04ef1e-2a20-4986-9530-40707c70b708___RS_HL 7145.JPG,train/Soybean___healthy/c763b13c-dadc-42f3-a2af-fe2cc2d95597___RS_HL 3522.JPG,4,0.09455762803554535,0.7767293526141982,False
Soybean___healthy,train/Soybean___healthy/0f04ef1e-2a20-4986-9530-40707c70b708___RS_HL 7145.JPG,val/Soybean___healthy/1f437b37-c648-45f3-a5f8-323cbb5bde35___RS_HL 7166.JPG,4,0.137436181306839,0.8367293701156089,False
Soybean___healthy,train/Soybean___healthy/0fa9a9df-dfb6-4171-a0c9-1356e4a6f011___RS_HL 5455.JPG,train/Soybean___healthy/37180fad-b8c9-48e0-b1aa-2f288a5fc2c3___RS_HL 4288.JPG,4,0.08576559275388718,0.7781075029666902,False
Soybean___healthy,train/Soybean___healthy/0fa9a9df-dfb6-4171-a0c9-1356e4a6f011___RS_HL 5455.JPG,train/Soybean___healthy/a643545d-62d1-4645-8e54-2b79607d5551___RS_HL 6633.JPG,4,0.11155520379543304,0.7237193134292955,False
Soybean___healthy,train/Soybean___healthy/0fa9a9df-dfb6-4171-a0c9-1356e4a6f011___RS_HL 5455.JPG,train/Soybean___healthy/a8da3165-bbd3-4f30-a1e3-a6c2ad168188___RS_HL 4234.JPG,4,0.1351914256811142,0.8047625128761666,False
Soybean___healthy,train/Soybean___healthy/106959ce-ef15-4725-ad2f-d4bb93d4858e___RS_HL 3552.JPG,train/Soybean___healthy/a7da66ee-5bb5-4227-a962-61f6bd913005___RS_HL 3771.JPG,4,0.08975638449192047,0.753301117958681,False
Soybean___healthy,train/Soybean___healthy/106959ce-ef15-4725-ad2f-d4bb93d4858e___RS_HL 3552.JPG,train/Soybean___healthy/b23bc2ab-d7f6-47dc-a0d4-03beaa7cb1a7___RS_HL 4226.JPG,4,0.12312375009059906,0.8471700223543976,False
Soybean___healthy,train/Soybean___healthy/106959ce-ef15-4725-ad2f-d4bb93d4858e___RS_HL 3552.JPG,train/Soybean___healthy/ccc39144-2922-40ab-9b8c-2af9f4e9e836___RS_HL 4622.JPG,2,0.07168366014957428,0.8462686930485108,False
Soybean___healthy,train/Soybean___healthy/106959ce-ef15-4725-ad2f-d4bb93d4858e___RS_HL 3552.JPG,val/Soybean___healthy/3e43261a-8265-4e65-a2dd-feda13a307fe___RS_HL 4448.JPG,4,0.07994280755519867,0.8255729076114524,False
Soybean___healthy,train/Soybean___healthy/11f78f5c-2acc-406f-a6d5-18059c551eda___RS_HL 4849.JPG,train/Soybean___healthy/80df8644-c587-46b5-804e-1351ba279383___RS_HL 6851.JPG,4,0.181729257106781,0.9073527469474805,False
Soybean___healthy,train/Soybean___healthy/11f78f5c-2acc-406f-a6d5-18059c551eda___RS_HL 4849.JPG,train/Soybean___healthy/a8ad6135-8fbe-45f5-bc74-d53b01ca258d___RS_HL 3809.JPG,4,0.13107937574386597,0.8094912955538985,False
Soybean___healthy,train/Soybean___healthy/11f78f5c-2acc-406f-a6d5-18059c551eda___RS_HL 4849.JPG,train/Soybean___healthy/fa51553a-4211-4ad7-bcef-36d2a2ebc407___RS_HL 4843.JPG,4,0.07072199136018753,0.8283046721997105,False
Soybean___healthy,train/Soybean___healthy/121015c2-b630-4112-8058-5b0d3302a560___RS_HL 6118.JPG,train/Soybean___healthy/164731da-f00b-4b39-81fe-c62d77a90862___RS_HL 6015.JPG,4,0.08615522086620331,0.7527946252625661,False
Soybean___healthy,train/Soybean___healthy/121015c2-b630-4112-8058-5b0d3302a560___RS_HL 6118.JPG,val/Soybean___healthy/d8f3a32e-fa16-4ee5-9fc9-926fcd11d727___RS_HL 6235.JPG,4,0.08745603263378143,0.7361095839311541,False
Soybean___healthy,train/Soybean___healthy/122f7a58-ba31-4ecf-99fd-2a997bc296cc___RS_HL 5837.JPG,train/Soybean___healthy/60a8ede0-6a27-4f4d-85ad-25c6f0ba5b86___RS_HL 5672.JPG,4,0.10928791761398315,0.8367211662811944,False
Soybean___healthy,train/Soybean___healthy/124c32b3-6a2e-4e8c-b16f-55d4d5773cb6___RS_HL 3288.JPG,train/Soybean___healthy/3be6d998-2505-42fe-be85-23feb7e22f3e___RS_HL 5094.JPG,4,0.11059141159057617,0.8231390340417056,False
Soybean___healthy,train/Soybean___healthy/124c32b3-6a2e-4e8c-b16f-55d4d5773cb6___RS_HL 3288.JPG,train/Soybean___healthy/7ca2e5e5-92d1-4692-a9d7-924a3791ed61___RS_HL 3452.JPG,4,0.11311544477939606,0.747183916629598,False
Soybean___healthy,train/Soybean___healthy/124c32b3-6a2e-4e8c-b16f-55d4d5773cb6___RS_HL 3288.JPG,train/Soybean___healthy/b844568d-8ed2-41fd-a3e9-f23637487a6b___RS_HL 3125.JPG,4,0.1397421956062317,0.7339100338512493,False
Soybean___healthy,train/Soybean___healthy/12afcbbb-5975-47d5-9190-9710c7c84ff0___RS_HL 4887.JPG,train/Soybean___healthy/e3b30628-2269-44c7-b2fc-43bd425a4991___RS_HL 4933.JPG,4,0.10377278178930283,0.8096308072041303,False
Soybean___healthy,train/Soybean___healthy/12bdeb55-f1c1-459e-a151-e470212afdb7___RS_HL 3400.JPG,val/Soybean___healthy/eb53cf09-386e-4837-ba77-dae9c97e494b___RS_HL 5373.JPG,4,0.09194084256887436,0.7362682245095468,False
Soybean___healthy,train/Soybean___healthy/12c697fc-26e6-48f9-bf0c-729f820e1e83___RS_HL 5530 1.JPG,val/Soybean___healthy/23c94ac7-d14c-4185-8d61-82018a3ed304___RS_HL 4616.JPG,4,0.13623352348804474,0.8736173630142635,False
Soybean___healthy,train/Soybean___healthy/12d97081-b540-4fe8-9615-1334aebd0644___RS_HL 5355.JPG,train/Soybean___healthy/90b42bc1-56aa-4f15-8d2a-daf6301832cd___RS_HL 4007.JPG,2,0.08205394446849823,0.8064227710522389,False
Soybean___healthy,train/Soybean___healthy/1310b52d-aa64-4d6c-adf6-407b14fa6ec8___RS_HL 4322.JPG,val/Soybean___healthy/c55c20a5-c529-43af-949e-cfaad2377481___RS_HL 5454.JPG,4,0.10775576531887054,0.8097970223601371,False
Soybean___healthy,train/Soybean___healthy/13aa2402-8374-4400-bc58-6aa3b5f2c3e6___RS_HL 3842.JPG,train/Soybean___healthy/b4affb22-d012-42ad-a10f-ecf03e560c9c___RS_HL 4917.JPG,4,0.10844609141349792,0.8011583143933034,False
Soybean___healthy,train/Soybean___healthy/13e4e076-e32b-418d-996a-f7f26bd28143___RS_HL 5146.JPG,train/Soybean___healthy/9517b201-9852-4456-a2af-ad45944d45cf___RS_HL 3777.JPG,4,0.1570875495672226,0.837546351646024,False
Soybean___healthy,train/Soybean___healthy/14524ad3-b360-4527-a0cd-1d07842ee919___RS_HL 6093.JPG,train/Soybean___healthy/99763ea8-2e71-403a-95c3-f3ded1292568___RS_HL 6094.JPG,4,0.05294472351670265,0.8439189210442976,False
Soybean___healthy,train/Soybean___healthy/152b6942-b876-402b-b69e-d8294bd0e264___RS_HL 5487.JPG,train/Soybean___healthy/faaf1977-8121-4b49-88f5-46b21b4e400e___RS_HL 4623.JPG,4,0.08745845407247543,0.8090958826174504,False
Soybean___healthy,train/Soybean___healthy/152b6942-b876-402b-b69e-d8294bd0e264___RS_HL 5487.JPG,val/Soybean___healthy/daa91624-f9bc-438b-b3a4-19bbdae8470b___RS_HL 7314.JPG,4,0.1709442436695099,0.7911636695263979,False
Soybean___healthy,train/Soybean___healthy/15bff5bb-17b9-44e6-a878-0c119232f27c___RS_HL 4218.JPG,train/Soybean___healthy/8960d72b-5887-4066-881c-5f69669ac381___RS_HL 3741.JPG,4,0.11464318633079529,0.7230580539059975,False
Soybean___healthy,train/Soybean___healthy/15c900a1-1261-46e8-8c5b-335cd2d92a82___RS_HL 7138.JPG,train/Soybean___healthy/23c541f5-e1f9-45a4-9e05-4a4ed0609b60___RS_HL 4832.JPG,4,0.06825980544090271,0.8345158204726811,False
Soybean___healthy,train/Soybean___healthy/15df4eb1-b310-4fc3-92d2-17eb147cfdc4___RS_HL 6356.JPG,train/Soybean___healthy/aeeb787e-97c2-403a-941d-925e553909c8___RS_HL 6358.JPG,4,0.09210991114377975,0.8777230555258771,False
Soybean___healthy,train/Soybean___healthy/15df4eb1-b310-4fc3-92d2-17eb147cfdc4___RS_HL 6356.JPG,train/Soybean___healthy/b9718434-1c01-4624-8c23-3306cd0d5758___RS_HL 6357.JPG,4,0.04709187150001526,0.8995389866569198,False
Soybean___healthy,train/Soybean___healthy/16248d15-e455-46ac-8924-4905312549dd___RS_HL 4244.JPG,train/Soybean___healthy/1f1fd324-621f-4cf4-ad27-c5796c3cc23e___RS_HL 4168.JPG,4,0.07595230638980865,0.8437040098509287,False
Soybean___healthy,train/Soybean___healthy/16248d15-e455-46ac-8924-4905312549dd___RS_HL 4244.JPG,train/Soybean___healthy/4c41b75f-b094-4de6-96ed-584bd9c49001___RS_HL 4929.JPG,4,0.10947812348604202,0.7706903145913874,False
Soybean___healthy,train/Soybean___healthy/16248d15-e455-46ac-8924-4905312549dd___RS_HL 4244.JPG,train/Soybean___healthy/b5bf6916-482e-42fa-83b7-63ec393db2c0___RS_HL 5293.JPG,4,0.12257030606269836,0.799055741839409,False
Soybean___healthy,train/Soybean___healthy/16248d15-e455-46ac-8924-4905312549dd___RS_HL 4244.JPG,val/Soybean___healthy/37aefbb7-8016-4984-95bf-3490280b3f3e___RS_HL 3914.JPG,4,0.0796143114566803,0.834997747179948,False
Soybean___healthy,train/Soybean___healthy/16d3980d-9ee6-41cd-adba-e7c3693e248a___RS_HL 4249.JPG,train/Soybean___healthy/7837a732-fb16-4459-9970-7f3c1c085d92___RS_HL 3435.JPG,4,0.09371780604124069,0.7746771976342212,False
Soybean___healthy,train/Soybean___healthy/16d43818-4404-4882-87b2-583bcf0a799d___RS_HL 4285.JPG,train/Soybean___healthy/812b9b66-077f-4fd1-892f-0f0f09084439___RS_HL 4986.JPG,4,0.07826017588376999,0.8176490801237336,False
Soybean___healthy,train/Soybean___healthy/16d43818-4404-4882-87b2-583bcf0a799d___RS_HL 4285.JPG,val/Soybean___healthy/c20faf5e-7487-4a7f-9579-767b9ade0164___RS_HL 4232.JPG,4,0.09744661301374435,0.8190812967445715,False
Soybean___healthy,train/Soybean___healthy/1770ce1e-e269-48c7-b7eb-4e19ddd0ab55___RS_HL 3411.JPG,val/Soybean___healthy/619d6cdd-002a-45d3-ac20-e81598fb8310___RS_HL 5004.JPG,4,0.10228133946657181,0.794669027631777,False
Soybean___healthy,train/Soybean___healthy/17870c9a-eb34-473c-8cde-db71bc390d45___RS_HL 5863.JPG,val/Soybean___healthy/6ba1e57b-eac5-4586-9961-990b7a2138b7___RS_HL 5865.JPG,2,0.06873581558465958,0.8513159653933512,False
Soybean___healthy,train/Soybean___healthy/187d7d82-02dc-48d2-9178-5afc2e9fa7eb___RS_HL 5947.JPG,train/Soybean___healthy/1b1cb98e-7297-463b-995b-e536aa3b699e___RS_HL 6343.JPG,4,0.08238471299409866,0.8163653993110144,False
Soybean___healthy,train/Soybean___healthy/1928a850-74bc-4e1a-a666-1a2a855f1340___RS_HL 4085.JPG,train/Soybean___healthy/23ed011c-27ac-4515-a724-eba2ea0ccff3___RS_HL 4002.JPG,4,0.09365624189376831,0.7579272357869652,False
Soybean___healthy,train/Soybean___healthy/1928a850-74bc-4e1a-a666-1a2a855f1340___RS_HL 4085.JPG,train/Soybean___healthy/f36b448a-003e-429a-86a3-ec30cbbebdec___RS_HL 2948.JPG,4,0.1031288281083107,0.72890840743927,False
Soybean___healthy,train/Soybean___healthy/193860b3-c9cd-40b9-ae1a-bd42277fca38___RS_HL 4637.JPG,train/Soybean___healthy/f33280af-bb4d-441f-9b4c-fa6162d9223d___RS_HL 4856.JPG,4,0.13110660016536713,0.8034098064258881,False
Soybean___healthy,train/Soybean___healthy/1953d8b1-88ec-4bff-87af-70e9430b19c0___RS_HL 2816.JPG,train/Soybean___healthy/3c7309dc-3589-4f00-ae51-3e340b1018c7___RS_HL 2724.JPG,4,0.087199866771698,0.7931710353775644,False
Soybean___healthy,train/Soybean___healthy/1982dfb8-1145-4039-8ec6-0df04fa95030___RS_HL 7199.JPG,train/Soybean___healthy/935369be-b082-4836-ba97-81f5f8e274b9___RS_HL 4247.JPG,4,0.10601823776960373,0.7323594906502531,False
Soybean___healthy,train/Soybean___healthy/1982dfb8-1145-4039-8ec6-0df04fa95030___RS_HL 7199.JPG,val/Soybean___healthy/c55c20a5-c529-43af-949e-cfaad2377481___RS_HL 5454.JPG,4,0.10734300315380096,0.7405770888925942,False
Soybean___healthy,train/Soybean___healthy/1988b49c-e5f9-4239-abc6-3e9f6cbd8edb___RS_HL 5449.JPG,train/Soybean___healthy/421ba14a-e551-4a8f-a7b4-0decd9fd3123___RS_HL 3946.JPG,2,0.09275981783866882,0.8076830900504031,False
Soybean___healthy,train/Soybean___healthy/1988b49c-e5f9-4239-abc6-3e9f6cbd8edb___RS_HL 5449.JPG,train/Soybean___healthy/62f00b7e-a4bd-4455-9bc7-663569077171___RS_HL 4363.JPG,4,0.08091100305318832,0.8587773583215543,False
Soybean___healthy,train/Soybean___healthy/1988b49c-e5f9-4239-abc6-3e9f6cbd8edb___RS_HL 5449.JPG,train/Soybean___healthy/812b9b66-077f-4fd1-892f-0f0f09084439___RS_HL 4986.JPG,4,0.07448228448629379,0.8125012016476784,False
Soybean___healthy,train/Soybean___healthy/1988b49c-e5f9-4239-abc6-3e9f6cbd8edb___RS_HL 5449.JPG,train/Soybean___healthy/8709eeaf-2d9f-413b-a40f-ca5ed88e2b74___RS_HL 4997.JPG,4,0.09242578595876694,0.7280847867855225,False
Soybean___healthy,train/Soybean___healthy/1988b49c-e5f9-4239-abc6-3e9f6cbd8edb___RS_HL 5449.JPG,train/Soybean___healthy/964186af-88bb-4eba-b88b-eb961fc04786___RS_HL 5345.JPG,4,0.10803447663784027,0.8255610900000424,False
Soybean___healthy,train/Soybean___healthy/1988b49c-e5f9-4239-abc6-3e9f6cbd8edb___RS_HL 5449.JPG,val/Soybean___healthy/a28857ad-12e4-4ff7-8041-b00dba31dc57___RS_HL 5584 1.JPG,4,0.10608263313770294,0.7598458005317501,False
Soybean___healthy,train/Soybean___healthy/19a0c6fd-4beb-4000-ace1-b1f17cf61c24___RS_HL 6438.JPG,train/Soybean___healthy/af761713-9092-46a3-8335-0b6dcf49b8b1___RS_HL 6455.JPG,4,0.1096772626042366,0.7636707984090799,False
Soybean___healthy,train/Soybean___healthy/19de8dd0-f636-4608-9c08-a6b82f7d2924___RS_HL 4164.JPG,train/Soybean___healthy/7e33a8b6-8b84-40b9-b84d-70eabb365685___RS_HL 5638 1.JPG,4,0.1163119301199913,0.759612470949661,False
Soybean___healthy,train/Soybean___healthy/1a8ac70a-9677-40cb-a59c-cebfa116bb9a___RS_HL 6725.JPG,train/Soybean___healthy/228550a8-b0bd-412b-800a-7ec9a742d2a8___RS_HL 6727.JPG,4,0.08476874232292175,0.8977270520268837,False
Soybean___healthy,train/Soybean___healthy/1ac05df6-a101-40df-a0c2-3bac86c3d481___RS_HL 3822.JPG,train/Soybean___healthy/56778478-41a1-41d3-8fff-828c5055b0dd___RS_HL 5680 1.JPG,4,0.09150185436010361,0.8272315241653934,False
Soybean___healthy,train/Soybean___healthy/1b1cb98e-7297-463b-995b-e536aa3b699e___RS_HL 6343.JPG,train/Soybean___healthy/1f92c336-18b4-491f-8783-0fdda544518b___RS_HL 6408.JPG,4,0.1264215111732483,0.615177742863361,False
Soybean___healthy,train/Soybean___healthy/1b2217a6-a79b-4c52-b737-392905939db1___RS_HL 5026.JPG,train/Soybean___healthy/4eedf17a-f0c8-4926-a1bb-1811331c39ac___RS_HL 5488.JPG,4,0.08963283896446228,0.811743094088198,False
Soybean___healthy,train/Soybean___healthy/1b2217a6-a79b-4c52-b737-392905939db1___RS_HL 5026.JPG,val/Soybean___healthy/4864b136-e301-4592-8554-810ca2aebb1c___RS_HL 4826.JPG,4,0.10077358037233353,0.7593068606828067,False
Soybean___healthy,train/Soybean___healthy/1b951855-b456-4f7c-b0b1-cf663d047929___RS_HL 5482.JPG,train/Soybean___healthy/eddf509b-db08-47ae-b836-ea3c35c0cd04___RS_HL 5523 1.JPG,4,0.08880279958248138,0.8602060758477154,False
Soybean___healthy,train/Soybean___healthy/1b951855-b456-4f7c-b0b1-cf663d047929___RS_HL 5482.JPG,val/Soybean___healthy/68947ab4-60ac-4261-b1c9-42644c8a78d5___RS_HL 4193.JPG,4,0.0713910460472107,0.859133139439525,False
Soybean___healthy,train/Soybean___healthy/1b9ba38d-fb00-4955-a67e-c51abfaad351___RS_HL 7046.JPG,train/Soybean___healthy/fefe0107-8a85-4995-96d2-2491798ae472___RS_HL 7058.JPG,4,0.0577198788523674,0.8879479795667953,False
Soybean___healthy,train/Soybean___healthy/1bdfced3-dac6-420b-91e2-957f3333b69f___RS_HL 5561 1.JPG,train/Soybean___healthy/90079800-1e58-4ffa-9dc3-10062656fd53___RS_HL 5569 1.JPG,4,0.09942881017923355,0.8366421452545105,False
Soybean___healthy,train/Soybean___healthy/1cd0339b-fc9c-401d-98a0-90bc4fe4f036___RS_HL 4009.JPG,train/Soybean___healthy/369b2555-d3f0-45db-a85c-728de7bbd02e___RS_HL 3531.JPG,4,0.07194038480520248,0.7959211251128842,False
Soybean___healthy,train/Soybean___healthy/1cd0339b-fc9c-401d-98a0-90bc4fe4f036___RS_HL 4009.JPG,train/Soybean___healthy/90b42bc1-56aa-4f15-8d2a-daf6301832cd___RS_HL 4007.JPG,4,0.07466015219688416,0.8314218483212426,False
Soybean___healthy,train/Soybean___healthy/1cd0339b-fc9c-401d-98a0-90bc4fe4f036___RS_HL 4009.JPG,train/Soybean___healthy/9e65c8f4-f861-49c5-ae78-50b134ec3670___RS_HL 5716 1.JPG,4,0.08165182918310165,0.7750381300136899,False
Soybean___healthy,train/Soybean___healthy/1d1d56bc-6645-493f-a6bb-4904aadc3c25___RS_HL 3292.JPG,train/Soybean___healthy/8e7209a0-c837-4b22-9e6a-fa46bc925bec___RS_HL 5730 1.JPG,4,0.12328971177339554,0.7734436600466746,False
Soybean___healthy,train/Soybean___healthy/1d1d56bc-6645-493f-a6bb-4904aadc3c25___RS_HL 3292.JPG,train/Soybean___healthy/f64a17dd-cbc4-49ae-8141-4ad559e9eb1d___RS_HL 2845.JPG,4,0.08131483197212219,0.8037493812132575,False
Soybean___healthy,train/Soybean___healthy/1d1d56bc-6645-493f-a6bb-4904aadc3c25___RS_HL 3292.JPG,train/Soybean___healthy/f954a450-269f-4774-9a52-0224b1976ef4___RS_HL 3138.JPG,4,0.11478021740913391,0.8006320024451233,False
Soybean___healthy,train/Soybean___healthy/1d498862-7123-485e-aa6e-392f08232f6d___RS_HL 6738.JPG,train/Soybean___healthy/428a4250-68c8-4a4d-92f1-927cbb85410b___RS_HL 5945.JPG,4,0.10713209956884384,0.7843246516502544,False
Soybean___healthy,train/Soybean___healthy/1d498862-7123-485e-aa6e-392f08232f6d___RS_HL 6738.JPG,val/Soybean___healthy/3bc5eed9-18c5-4fd0-96a8-3a4f1378baaf___RS_HL 5986.JPG,4,0.13564957678318024,0.7814872673764933,False
Soybean___healthy,train/Soybean___healthy/1d8e06d6-b1fd-481e-82c3-bf3762657779___RS_HL 6999.JPG,train/Soybean___healthy/be62b941-0c95-4e51-878c-80f9edeb2f27___RS_HL 6550.JPG,4,0.08157750219106674,0.7768911489677858,False
Soybean___healthy,train/Soybean___healthy/1d8e06d6-b1fd-481e-82c3-bf3762657779___RS_HL 6999.JPG,val/Soybean___healthy/4037ecb4-ca1e-43d8-814a-3e2989e68ecc___RS_HL 6887.JPG,4,0.08819302916526794,0.7177317319459645,False
Soybean___healthy,train/Soybean___healthy/1dea8556-5d2e-4b24-a07d-83c5afae81a8___RS_HL 5464.JPG,train/Soybean___healthy/39b3a662-848a-4bc2-93c6-260b49eccd40___RS_HL 7383.JPG,4,0.08958659321069717,0.8020571092093978,False
Soybean___healthy,train/Soybean___healthy/1dea8556-5d2e-4b24-a07d-83c5afae81a8___RS_HL 5464.JPG,val/Soybean___healthy/a382f65c-bc40-4723-a553-b5d9c424d268___RS_HL 5276.JPG,4,0.10338257998228073,0.8151706290886692,False
Soybean___healthy,train/Soybean___healthy/1e17cff8-5ea6-43bb-846b-1ddf4300555b___RS_HL 5516.JPG,val/Soybean___healthy/0275c314-9a57-4ea9-8405-029c55d0df7c___RS_HL 3820.JPG,4,0.0849807932972908,0.7802094964509128,False
Soybean___healthy,train/Soybean___healthy/1e199749-f5f7-42b4-8ef3-ae4a46e7c911___RS_HL 7107.JPG,train/Soybean___healthy/2f9d50a3-3120-4c2f-8087-1963229d6a84___RS_HL 7105.JPG,4,0.10055870562791824,0.7856131683111064,False
Soybean___healthy,train/Soybean___healthy/1e199749-f5f7-42b4-8ef3-ae4a46e7c911___RS_HL 7107.JPG,train/Soybean___healthy/606f9fd1-c44f-4fc8-84e0-d7c09552b411___RS_HL 6792.JPG,2,0.09086938947439194,0.7870865423780544,False
Soybean___healthy,train/Soybean___healthy/1e393e44-a23d-4af0-9c42-7a62a5cc985f___RS_HL 6302.JPG,val/Soybean___healthy/e7d36e15-55ac-4557-b983-d911b18ccf57___RS_HL 6277.JPG,4,0.07737112045288086,0.8227442568577464,False
Soybean___healthy,train/Soybean___healthy/1ea1c1e2-fd7b-4fb5-9783-75eb882413a4___RS_HL 3389.JPG,train/Soybean___healthy/23770740-36a5-4fcf-8a43-4cf9699a7205___RS_HL 6602.JPG,4,0.08807743340730667,0.783081983336882,False
Soybean___healthy,train/Soybean___healthy/1ea1c1e2-fd7b-4fb5-9783-75eb882413a4___RS_HL 3389.JPG,train/Soybean___healthy/56850055-0190-47e7-a680-df012d9d1828___RS_HL 5570 1.JPG,4,0.0777902603149414,0.8617552883788059,False
Soybean___healthy,train/Soybean___healthy/1ea1c1e2-fd7b-4fb5-9783-75eb882413a4___RS_HL 3389.JPG,train/Soybean___healthy/b23bc2ab-d7f6-47dc-a0d4-03beaa7cb1a7___RS_HL 4226.JPG,4,0.08433741331100464,0.7920523791488359,False
Soybean___healthy,train/Soybean___healthy/1ea1c1e2-fd7b-4fb5-9783-75eb882413a4___RS_HL 3389.JPG,train/Soybean___healthy/e827fd08-9df7-43a3-bf10-f2011f0c834a___RS_HL 4740.JPG,4,0.08369274437427521,0.748720933316199,False
Soybean___healthy,train/Soybean___healthy/1ea1c1e2-fd7b-4fb5-9783-75eb882413a4___RS_HL 3389.JPG,train/Soybean___healthy/eb6d0eee-eea7-45ea-9855-1282cdd263e3___RS_HL 3819.JPG,4,0.11029241979122162,0.7209750045695148,False
Soybean___healthy,train/Soybean___healthy/1edd94a0-0f9d-4bdb-b083-78dfc250a54f___RS_HL 4630.JPG,train/Soybean___healthy/44e0444a-430e-4f81-8455-eb3bda08356e___RS_HL 4665.JPG,4,0.09465408325195312,0.7145783943509495,False
Soybean___healthy,train/Soybean___healthy/1ef4622e-0090-4db1-970c-9ed148496d90___RS_HL 3333.JPG,train/Soybean___healthy/f0ff50ed-8dd1-4b17-903c-9d7840b054cb___RS_HL 3490.JPG,4,0.07827010005712509,0.8069861929189732,False
Soybean___healthy,train/Soybean___healthy/1f1fd324-621f-4cf4-ad27-c5796c3cc23e___RS_HL 4168.JPG,train/Soybean___healthy/b5bf6916-482e-42fa-83b7-63ec393db2c0___RS_HL 5293.JPG,2,0.1461578607559204,0.7799374350204291,False
Soybean___healthy,train/Soybean___healthy/1f1fd324-621f-4cf4-ad27-c5796c3cc23e___RS_HL 4168.JPG,val/Soybean___healthy/42f9d6af-6ef5-4c21-abfc-9aece98087e2___RS_HL 3843.JPG,4,0.052953798323869705,0.9186819119185935,True
Soybean___healthy,train/Soybean___healthy/1f2ebab4-829f-451d-b087-a4e01bd56822___RS_HL 5238.JPG,train/Soybean___healthy/3cb41f89-4e40-4fbd-9715-ce1bf3b1795b___RS_HL 4721.JPG,4,0.102445587515831,0.7523517850076339,False
Soybean___healthy,train/Soybean___healthy/1f3b733b-d794-4a39-8efb-e89fc1395598___RS_HL 3363.JPG,train/Soybean___healthy/710747b3-8e3c-47c8-b3ce-056ab63959d6___RS_HL 3150.JPG,4,0.08549666404724121,0.7732211659868421,False
Soybean___healthy,train/Soybean___healthy/1f3b733b-d794-4a39-8efb-e89fc1395598___RS_HL 3363.JPG,train/Soybean___healthy/b8288d31-a161-496e-b290-abe1a332bb58___RS_HL 3750.JPG,4,0.08463443070650101,0.7843352934707115,False
Soybean___healthy,train/Soybean___healthy/1f770cd9-0e55-48e7-93e5-a93144b85f1e___RS_HL 3663.JPG,train/Soybean___healthy/5e0b340d-640b-4739-8bb9-0616a26449fb___RS_HL 7072.JPG,4,0.10035048425197601,0.8293080705967568,False
Soybean___healthy,train/Soybean___healthy/1f770cd9-0e55-48e7-93e5-a93144b85f1e___RS_HL 3663.JPG,train/Soybean___healthy/69e7c833-37a8-4813-bd84-523f7d0fd9dd___RS_HL 3645.JPG,4,0.06621447950601578,0.8238174922152199,False
Soybean___healthy,train/Soybean___healthy/1f770cd9-0e55-48e7-93e5-a93144b85f1e___RS_HL 3663.JPG,train/Soybean___healthy/c734a02e-694c-4f03-b268-2611d73cee33___RS_HL 5186.JPG,4,0.09564170241355896,0.7400713638663077,False
Soybean___healthy,train/Soybean___healthy/1f770cd9-0e55-48e7-93e5-a93144b85f1e___RS_HL 3663.JPG,val/Soybean___healthy/c55c20a5-c529-43af-949e-cfaad2377481___RS_HL 5454.JPG,2,0.08507979661226273,0.7762475292110166,False
Soybean___healthy,train/Soybean___healthy/1f92c336-18b4-491f-8783-0fdda544518b___RS_HL 6408.JPG,train/Soybean___healthy/b1a2b2cc-1f8b-4700-a1a2-348f03f59482___RS_HL 6488.JPG,4,0.08479838818311691,0.7501436455944802,False
Soybean___healthy,train/Soybean___healthy/1fd3c85c-d83a-4fba-9211-60092d6f6004___RS_HL 5654 1.JPG,train/Soybean___healthy/b844568d-8ed2-41fd-a3e9-f23637487a6b___RS_HL 3125.JPG,4,0.09168738126754761,0.7180524481171452,False
Soybean___healthy,train/Soybean___healthy/206b64a5-d47f-4ef9-ac4e-b9bf8932c075___RS_HL 5098.JPG,train/Soybean___healthy/aec2578c-c81d-4ece-b2f5-293581a1c9da___RS_HL 3722.JPG,2,0.0772436112165451,0.8419641081096518,False
Soybean___healthy,train/Soybean___healthy/20e8780c-1dac-426b-aa9d-e2e4621ef7a4___RS_HL 6081.JPG,train/Soybean___healthy/8246ed25-470a-444a-baf8-31965822556b___RS_HL 5653.JPG,4,0.1106976568698883,0.6405285748924268,False
Soybean___healthy,train/Soybean___healthy/21337122-ec7b-4c27-aef1-c5537a0b2139___RS_HL 5280.JPG,train/Soybean___healthy/fb56b5f0-84c2-4ca0-bb05-c9dee7d96ca0___RS_HL 3236.JPG,2,0.1579652577638626,0.8281131220387941,False
Soybean___healthy,train/Soybean___healthy/213c117b-555e-4e89-a8f4-f4b71f5aa89a___RS_HL 3626.JPG,train/Soybean___healthy/d7ecd9d1-eb91-4567-90a1-617746cec736___RS_HL 3254.JPG,4,0.13946488499641418,0.8378400362743006,False
Soybean___healthy,train/Soybean___healthy/213d2b88-ebeb-4849-8ee1-1acff9437c98___RS_HL 4696.JPG,train/Soybean___healthy/7b64faa5-f959-4121-9f7e-3b541ac56814___RS_HL 5404.JPG,4,0.06583577394485474,0.8672255802260903,False
Soybean___healthy,train/Soybean___healthy/227f5a10-4520-433f-83b8-cb23b7f29e59___RS_HL 6872.JPG,val/Soybean___healthy/cde9c3a8-740b-4dbd-ac45-2590e5cb6053___RS_HL 6688.JPG,4,0.10152207314968109,0.8790085354015523,False
Soybean___healthy,train/Soybean___healthy/22c1ece5-dd6b-4c05-8955-d7d5ab67eab6___RS_HL 5029.JPG,train/Soybean___healthy/4bb2941f-574c-415e-a180-4df0c9defe9b___RS_HL 3669.JPG,4,0.07807011157274246,0.7691236667801387,False
Soybean___healthy,train/Soybean___healthy/22fc8389-cc4f-44cf-8d9f-8287a3ece3b7___RS_HL 3133.JPG,train/Soybean___healthy/b61cd264-45b8-4685-b1ca-faeb13337bec___RS_HL 5690 1.JPG,4,0.10018736869096756,0.7452401492791038,False
Soybean___healthy,train/Soybean___healthy/2300a855-efb4-452a-ace6-cf9c6c915a1f___RS_HL 5199.JPG,train/Soybean___healthy/90079800-1e58-4ffa-9dc3-10062656fd53___RS_HL 5569 1.JPG,4,0.10996278375387192,0.7951890420937057,False
Soybean___healthy,train/Soybean___healthy/2300a855-efb4-452a-ace6-cf9c6c915a1f___RS_HL 5199.JPG,val/Soybean___healthy/b91142eb-080a-4465-9082-c9f404e81e19___RS_HL 5451.JPG,4,0.08909540623426437,0.7448592925764882,False
Soybean___healthy,train/Soybean___healthy/23770740-36a5-4fcf-8a43-4cf9699a7205___RS_HL 6602.JPG,train/Soybean___healthy/56850055-0190-47e7-a680-df012d9d1828___RS_HL 5570 1.JPG,4,0.10588135570287704,0.8219311890042272,False
Soybean___healthy,train/Soybean___healthy/23770740-36a5-4fcf-8a43-4cf9699a7205___RS_HL 6602.JPG,train/Soybean___healthy/8c76beff-437e-4c5a-8c6a-eed877004255___RS_HL 5331.JPG,4,0.12153331190347672,0.7867992329004536,False
Soybean___healthy,train/Soybean___healthy/23770740-36a5-4fcf-8a43-4cf9699a7205___RS_HL 6602.JPG,train/Soybean___healthy/98a539a4-6cc9-4fe2-a240-84a658825869___RS_HL 4625.JPG,4,0.15297338366508484,0.7499194477106246,False
Soybean___healthy,train/Soybean___healthy/23770740-36a5-4fcf-8a43-4cf9699a7205___RS_HL 6602.JPG,train/Soybean___healthy/ba07dce8-e521-4670-ad69-119e835010fe___RS_HL 6206.JPG,4,0.08800169080495834,0.7823534359666332,False
Soybean___healthy,train/Soybean___healthy/23770740-36a5-4fcf-8a43-4cf9699a7205___RS_HL 6602.JPG,train/Soybean___healthy/e827fd08-9df7-43a3-bf10-f2011f0c834a___RS_HL 4740.JPG,4,0.10233510285615921,0.7734185559300044,False
Soybean___healthy,train/Soybean___healthy/23770740-36a5-4fcf-8a43-4cf9699a7205___RS_HL 6602.JPG,train/Soybean___healthy/f84a4ac8-730b-40f2-b796-3fbf5d464ccb___RS_HL 3458.JPG,4,0.127281054854393,0.7409003784045615,False
Soybean___healthy,train/Soybean___healthy/23770740-36a5-4fcf-8a43-4cf9699a7205___RS_HL 6602.JPG,val/Soybean___healthy/2f7f7d19-da76-4299-812e-de03a316be2c___RS_HL 5114.JPG,4,0.1388193815946579,0.7887286371074784,False
Soybean___healthy,train/Soybean___healthy/23b37e74-50be-4c5f-b121-35854766cbfc___RS_HL 4508.JPG,train/Soybean___healthy/65db881c-f239-4a2c-8139-dffcbc4c02a8___RS_HL 5480.JPG,4,0.09502825140953064,0.8618759843214613,False
Soybean___healthy,train/Soybean___healthy/23c541f5-e1f9-45a4-9e05-4a4ed0609b60___RS_HL 4832.JPG,val/Soybean___healthy/66470940-d138-4a1c-8c96-0fcd0b6a6f7f___RS_HL 6346.JPG,2,0.1170680820941925,0.6470445280226339,False
Soybean___healthy,train/Soybean___healthy/24509e96-271e-4991-9057-c80908de0dfa___RS_HL 5245.JPG,train/Soybean___healthy/57d28935-9160-4428-b34f-ec0e6e1ee522___RS_HL 2844.JPG,4,0.11132203042507172,0.807520063025017,False
Soybean___healthy,train/Soybean___healthy/24509e96-271e-4991-9057-c80908de0dfa___RS_HL 5245.JPG,train/Soybean___healthy/773b27dd-15ac-4d62-80e8-623b6571888d___RS_HL 2983.JPG,4,0.2715103328227997,0.8323002674649687,False
Soybean___healthy,train/Soybean___healthy/24610168-0f07-40e0-8a0a-9c62829aa774___RS_HL 4587.JPG,train/Soybean___healthy/93def263-06bf-404d-bdc6-2f4f4965067e___RS_HL 4365.JPG,4,0.11404405534267426,0.8083662227163907,False
Soybean___healthy,train/Soybean___healthy/249d1862-fd2d-4ab0-9a6f-5e11a54b57ce___RS_HL 5328.JPG,train/Soybean___healthy/964186af-88bb-4eba-b88b-eb961fc04786___RS_HL 5345.JPG,4,0.10133995860815048,0.8381823617245857,False
Soybean___healthy,train/Soybean___healthy/24f7182e-4bc8-4217-928d-83cc78bd6acb___RS_HL 3379.JPG,train/Soybean___healthy/639d6e74-62e8-419c-b54d-a480ee986550___RS_HL 4560.JPG,4,0.07639201730489731,0.8310658146643267,False
Soybean___healthy,train/Soybean___healthy/24f7182e-4bc8-4217-928d-83cc78bd6acb___RS_HL 3379.JPG,train/Soybean___healthy/6932f8af-9d7f-4d90-a38f-7b28cbbb7d1d___RS_HL 4358.JPG,4,0.09224877506494522,0.8202372998262952,False
Soybean___healthy,train/Soybean___healthy/257f577f-b0e1-4890-a1ed-a2abcf94986c___RS_HL 4416.JPG,train/Soybean___healthy/9285995f-5890-467a-bdd8-2142f329e45d___RS_HL 3623.JPG,4,0.09394758939743042,0.7737047298517521,False
Soybean___healthy,train/Soybean___healthy/25ef6860-988f-4e28-b8ac-36af868c3c2f___RS_HL 6411.JPG,train/Soybean___healthy/5033bd54-d6cc-4317-84e9-a3427df41d1e___RS_HL 6205.JPG,4,0.10496040433645248,0.7879721618051082,False
Soybean___healthy,train/Soybean___healthy/25ef6860-988f-4e28-b8ac-36af868c3c2f___RS_HL 6411.JPG,train/Soybean___healthy/e1cce563-0ddc-4af6-9556-e3beb4d6a065___RS_HL 6412.JPG,4,0.08798225969076157,0.7823634663194624,False
Soybean___healthy,train/Soybean___healthy/26327b80-0636-4070-80fe-5b959814973d___RS_HL 4521.JPG,train/Soybean___healthy/d4a90bc6-db0f-43e2-b3ac-7b178b6fb3ec___RS_HL 4058.JPG,4,0.08557949960231781,0.7886919291332266,False
Soybean___healthy,train/Soybean___healthy/26a8a48e-acc8-48f0-9259-39d900836a04___RS_HL 5068.JPG,val/Soybean___healthy/b91142eb-080a-4465-9082-c9f404e81e19___RS_HL 5451.JPG,4,0.08887726068496704,0.785534245583101,False
Soybean___healthy,train/Soybean___healthy/271930ec-e6e3-4c8c-b50e-b131d2c61deb___RS_HL 4297.JPG,train/Soybean___healthy/b4affb22-d012-42ad-a10f-ecf03e560c9c___RS_HL 4917.JPG,4,0.09966767579317093,0.8149474047083122,False
Soybean___healthy,train/Soybean___healthy/279b5ff1-a8dd-40dd-8d5a-ba7fce53f517___RS_HL 3752.JPG,train/Soybean___healthy/98a539a4-6cc9-4fe2-a240-84a658825869___RS_HL 4625.JPG,4,0.11376889795064926,0.7714960100480027,False
Soybean___healthy,train/Soybean___healthy/279f1604-ed5e-4d41-a6af-6b0c07cb4528___RS_HL 5171.JPG,train/Soybean___healthy/f68b8d6d-b1dd-40ff-b341-3f7963ad7281___RS_HL 5553 1.JPG,4,0.09577460587024689,0.853216612750962,False
Soybean___healthy,train/Soybean___healthy/2803369c-9ce5-4dd3-8cb8-d1a4a65839bd___RS_HL 3142.JPG,train/Soybean___healthy/59310dd4-9969-4e9e-aa34-b0e9a239e34a___RS_HL 5706 1.JPG,4,0.12003888934850693,0.8128189236832553,False
Soybean___healthy,train/Soybean___healthy/2803369c-9ce5-4dd3-8cb8-d1a4a65839bd___RS_HL 3142.JPG,val/Soybean___healthy/11ae9b43-83c6-49e5-af06-98f0e8596803___RS_HL 4518.JPG,4,0.09979234635829926,0.7777880417665557,False
Soybean___healthy,train/Soybean___healthy/286327e5-7bd0-4e6d-9fec-7a39861a3821___RS_HL 4578.JPG,train/Soybean___healthy/aa41bf8a-dd9d-42bb-ae62-fff4c02523dc___RS_HL 7306.JPG,4,0.15982703864574432,0.8090111073725818,False
Soybean___healthy,train/Soybean___healthy/286327e5-7bd0-4e6d-9fec-7a39861a3821___RS_HL 4578.JPG,train/Soybean___healthy/cb14875a-e0a9-48e1-9747-0d35b4ddcad8___RS_HL 7304.JPG,4,0.12543857097625732,0.8075162424461682,False
Soybean___healthy,train/Soybean___healthy/2875203d-ef03-4f4e-89c4-b8b110a307ec___RS_HL 3808.JPG,val/Soybean___healthy/64da56c9-a272-444f-89be-a8a790efd842___RS_HL 3730.JPG,4,0.07459235936403275,0.788681995862809,False
Soybean___healthy,train/Soybean___healthy/289dda14-fd6a-48fd-8705-cf22587c8745___RS_HL 4894.JPG,train/Soybean___healthy/f0d384eb-c9fb-4db0-8fd8-2e9c9cd868b9___RS_HL 4910.JPG,4,0.10246091336011887,0.715060207427184,False
Soybean___healthy,train/Soybean___healthy/29040ffb-9de2-4d78-b5c7-ecb504c4805f___RS_HL 4536.JPG,train/Soybean___healthy/969b3f38-922e-4d4c-86b8-e4390d418649___RS_HL 3013.JPG,4,0.14699116349220276,0.8734762460781109,False
Soybean___healthy,train/Soybean___healthy/29040ffb-9de2-4d78-b5c7-ecb504c4805f___RS_HL 4536.JPG,train/Soybean___healthy/d64feb8f-a1c3-411b-825b-8e2f05b7889e___RS_HL 3023.JPG,4,0.12605755031108856,0.879113712323876,False
Soybean___healthy,train/Soybean___healthy/29040ffb-9de2-4d78-b5c7-ecb504c4805f___RS_HL 4536.JPG,train/Soybean___healthy/faaf1977-8121-4b49-88f5-46b21b4e400e___RS_HL 4623.JPG,4,0.1458873748779297,0.8265626537799003,False
Soybean___healthy,train/Soybean___healthy/29040ffb-9de2-4d78-b5c7-ecb504c4805f___RS_HL 4536.JPG,val/Soybean___healthy/d368f087-3644-4c26-8837-2be13a3105e9___RS_HL 4500.JPG,4,0.10210588574409485,0.8341089759006299,False
Soybean___healthy,train/Soybean___healthy/29040ffb-9de2-4d78-b5c7-ecb504c4805f___RS_HL 4536.JPG,val/Soybean___healthy/e9c46009-365d-4b82-8254-f31aaa6af0e7___RS_HL 5086.JPG,4,0.16592711210250854,0.8097869341978079,False
Soybean___healthy,train/Soybean___healthy/292084a9-9028-4db7-b1ef-8e26edb0bfed___RS_HL 4079.JPG,train/Soybean___healthy/8e3f6573-c338-48e5-bfba-257daff8e52e___RS_HL 5048.JPG,4,0.07047915458679199,0.8871873604985556,False
Soybean___healthy,train/Soybean___healthy/293461dc-a859-4f59-b7e1-4ce859fc1ce3___RS_HL 5640 1.JPG,val/Soybean___healthy/99945d46-cf58-40d1-9375-1086e5a60597___RS_HL 3553.JPG,4,0.09643685072660446,0.7385443647007789,False
Soybean___healthy,train/Soybean___healthy/29c61547-ceaf-4b5b-a2d2-3b460aac0719___RS_HL 3528.JPG,val/Soybean___healthy/8d54dc2a-3175-45f7-86ca-fa544a8a506d___RS_HL 5532 1.JPG,4,0.07632889598608017,0.8258149953560715,False
Soybean___healthy,train/Soybean___healthy/29d2c993-433e-4a82-8116-900e129b7bd1___RS_HL 3050.JPG,train/Soybean___healthy/a2cc5487-faa8-4849-9e18-3c3bed7cf779___RS_HL 2962.JPG,4,0.13124233484268188,0.8442811227934727,False
Soybean___healthy,train/Soybean___healthy/2a0cc5c5-5844-4c97-85aa-e7eb72fa6b0b___RS_HL 3792.JPG,train/Soybean___healthy/c24879ef-39dd-4de0-b82e-969a71173f64___RS_HL 5494.JPG,4,0.13046236336231232,0.6214093714420623,False
Soybean___healthy,train/Soybean___healthy/2a717d99-b66d-4681-b642-d6cb6fa23775___RS_HL 4081.JPG,train/Soybean___healthy/3cc40897-d8c3-4456-9303-ea62cc31db3d___RS_HL 3237.JPG,4,0.1728043407201767,0.7669956791468602,False
Soybean___healthy,train/Soybean___healthy/2a717d99-b66d-4681-b642-d6cb6fa23775___RS_HL 4081.JPG,train/Soybean___healthy/ca9ed23b-87b3-4ed8-bb7c-4c7a337c2980___RS_HL 5013.JPG,4,0.12289723753929138,0.8095408609827526,False
Soybean___healthy,train/Soybean___healthy/2a82ab52-ac4f-42d7-97fc-fbefb47b70e2___RS_HL 4061.JPG,train/Soybean___healthy/7bf4e930-96fe-485c-b60d-205a24bb022d___RS_HL 5382.JPG,4,0.06721969693899155,0.8481905873140075,False
Soybean___healthy,train/Soybean___healthy/2a9719c8-df94-4f53-b7ad-ca66c99ceaed___RS_HL 6185.JPG,train/Soybean___healthy/a853bc5c-405d-4dbf-b109-e1eef08ba983___RS_HL 6964.JPG,4,0.0786210149526596,0.8249963194784466,False
Soybean___healthy,train/Soybean___healthy/2b121805-4951-450d-8dc7-73743c930b72___RS_HL 5640.JPG,train/Soybean___healthy/8246ed25-470a-444a-baf8-31965822556b___RS_HL 5653.JPG,4,0.11488133668899536,0.6369674278007778,False
Soybean___healthy,train/Soybean___healthy/2b2fa5ac-c961-4f81-8563-0d0e4d173bad___RS_HL 4960.JPG,train/Soybean___healthy/a917db14-b036-454c-bf83-ac185b432f60___RS_HL 2710.JPG,4,0.16841937601566315,0.7162650036971596,False
Soybean___healthy,train/Soybean___healthy/2bf1a7ed-f82a-4906-a2a7-4b8d6e813300___RS_HL 6319.JPG,train/Soybean___healthy/fde813a6-fdf0-4cdd-935a-02a7fe012d51___RS_HL 6307.JPG,4,0.045994456857442856,0.8990021807570749,False
Soybean___healthy,train/Soybean___healthy/2c5befa2-001f-4d64-bf83-599cd2506ba0___RS_HL 4182.JPG,train/Soybean___healthy/c8b0c3a5-3a1f-4610-8431-12373558db55___RS_HL 4844.JPG,4,0.0979088693857193,0.8217917809421069,False
Soybean___healthy,train/Soybean___healthy/2d457a27-71d9-4b38-ba4f-36b1a88bf755___RS_HL 5461.JPG,train/Soybean___healthy/5ec0c183-6062-4f3b-a38e-2dda6add92a7___RS_HL 4032.JPG,4,0.13447529077529907,0.7570724384255539,False
Soybean___healthy,train/Soybean___healthy/2d457a27-71d9-4b38-ba4f-36b1a88bf755___RS_HL 5461.JPG,train/Soybean___healthy/eddf509b-db08-47ae-b836-ea3c35c0cd04___RS_HL 5523 1.JPG,4,0.13815727829933167,0.8190615381042123,False
Soybean___healthy,train/Soybean___healthy/2d457a27-71d9-4b38-ba4f-36b1a88bf755___RS_HL 5461.JPG,val/Soybean___healthy/68947ab4-60ac-4261-b1c9-42644c8a78d5___RS_HL 4193.JPG,4,0.11315032839775085,0.7903502043177237,False
Soybean___healthy,train/Soybean___healthy/2d457a27-71d9-4b38-ba4f-36b1a88bf755___RS_HL 5461.JPG,val/Soybean___healthy/778eac45-19fd-4c26-96ff-ca5af8892777___RS_HL 4191.JPG,4,0.14094002544879913,0.7641313031068045,False
Soybean___healthy,train/Soybean___healthy/2d5d9cee-d3a3-46b2-bab2-6f6953edf0b2___RS_HL 4481.JPG,train/Soybean___healthy/4d5e61ab-9734-425f-9c9c-682386adc56d___RS_HL 4946.JPG,4,0.10352994501590729,0.8248691793816756,False
Soybean___healthy,train/Soybean___healthy/2dd01b6b-42a3-459d-bd47-334ef7d8c704___RS_HL 4687.JPG,train/Soybean___healthy/4013e19a-62a8-4171-b7f0-e022dc199113___RS_HL 6697.JPG,4,0.08824266493320465,0.8241311733536576,False
Soybean___healthy,train/Soybean___healthy/2dd01b6b-42a3-459d-bd47-334ef7d8c704___RS_HL 4687.JPG,train/Soybean___healthy/d0805704-373d-466f-93a6-d2351c8ecd76___RS_HL 3011.JPG,4,0.12000684440135956,0.7404907288528246,False
Soybean___healthy,train/Soybean___healthy/2df143f3-3ab8-4a0d-8396-0b0bb1d6ef64___RS_HL 3385.JPG,train/Soybean___healthy/9d2cc46f-421b-4813-99e8-bf81f21c15e6___RS_HL 2907.JPG,4,0.09357199817895889,0.7949010496112595,False
Soybean___healthy,train/Soybean___healthy/2df143f3-3ab8-4a0d-8396-0b0bb1d6ef64___RS_HL 3385.JPG,train/Soybean___healthy/f0ff50ed-8dd1-4b17-903c-9d7840b054cb___RS_HL 3490.JPG,4,0.08561991900205612,0.8207067727369916,False
Soybean___healthy,train/Soybean___healthy/2e229d91-8ed4-4ed1-b13b-ebb1f47087c2___RS_HL 5610 1.JPG,train/Soybean___healthy/d52c7953-d971-4e49-9ff6-5f3721da8a77___RS_HL 5401.JPG,4,0.1038503646850586,0.776676378394251,False
Soybean___healthy,train/Soybean___healthy/2e229d91-8ed4-4ed1-b13b-ebb1f47087c2___RS_HL 5610 1.JPG,val/Soybean___healthy/b4f30be3-8f14-4138-8b06-9beb44b20c62___RS_HL 3764.JPG,4,0.08463498950004578,0.773919517782185,False
Soybean___healthy,train/Soybean___healthy/2f0e30c3-e2fc-4108-bb9a-c0ac42b4bb9a___RS_HL 4551.JPG,train/Soybean___healthy/7adac6f5-49f5-4cda-8425-e15d7d821b88___RS_HL 4395.JPG,4,0.09923648089170456,0.7831002436025949,False
Soybean___healthy,train/Soybean___healthy/2f0e30c3-e2fc-4108-bb9a-c0ac42b4bb9a___RS_HL 4551.JPG,train/Soybean___healthy/a7711242-c374-4156-a8ba-d1ad73d38f8e___RS_HL 3713.JPG,4,0.12420158088207245,0.7813346092271395,False
Soybean___healthy,train/Soybean___healthy/2f2b67aa-e994-4f62-b390-f0ad42ffa5d0___RS_HL 5438.JPG,train/Soybean___healthy/43af946f-7ec2-4ec3-b3ef-0d3d373b7323___RS_HL 3668.JPG,4,0.0875544622540474,0.7797338233731476,False
Soybean___healthy,train/Soybean___healthy/2f5e2a9a-399e-4dbe-917a-41d405cef14c___RS_HL 4330.JPG,val/Soybean___healthy/24e590e6-0dd9-4cd1-a397-a8b0a3b4bc23___RS_HL 5053.JPG,4,0.05973328649997711,0.8864550530835393,False
Soybean___healthy,train/Soybean___healthy/2f9d50a3-3120-4c2f-8087-1963229d6a84___RS_HL 7105.JPG,train/Soybean___healthy/805d4089-9f3a-4c00-ad80-8deb8f50ac88___RS_HL 6793.JPG,4,0.09180736541748047,0.7684461595196445,False
Soybean___healthy,train/Soybean___healthy/3003c722-d655-4c83-a648-0fc494945f13___RS_HL 3658.JPG,train/Soybean___healthy/4d396c6d-66d5-424f-b90d-db43a3ef8d10___RS_HL 4292.JPG,4,0.10813320428133011,0.7691409465872375,False
Soybean___healthy,train/Soybean___healthy/30f986b6-87e6-4a0b-8586-19b29e059c4b___RS_HL 3665.JPG,train/Soybean___healthy/8aa2fcc2-5b89-4af2-a44f-021115734231___RS_HL 5275.JPG,4,0.10414539277553558,0.794506543102085,False
Soybean___healthy,train/Soybean___healthy/30f986b6-87e6-4a0b-8586-19b29e059c4b___RS_HL 3665.JPG,train/Soybean___healthy/e71304ae-821c-4a2c-8d5c-024e80141720___RS_HL 3486.JPG,4,0.0812535434961319,0.7919038124711831,False
Soybean___healthy,train/Soybean___healthy/3256eb2c-061d-48b8-b7df-5939eff8a590___RS_HL 3926.JPG,train/Soybean___healthy/efe605a5-b2ee-4a8f-9a3c-f0f20a6637bf___RS_HL 4563.JPG,4,0.09019650518894196,0.8658679103848841,False
Soybean___healthy,train/Soybean___healthy/327c1e8b-0aec-4e49-b66b-8e53971506c0___RS_HL 6868.JPG,train/Soybean___healthy/6dd986d9-557d-495d-aad8-d4cfbbf4f859___RS_HL 6607.JPG,4,0.09796588867902756,0.7726614580940127,False
Soybean___healthy,train/Soybean___healthy/33593194-35ad-45d1-bc89-d56a6b1151b1___RS_HL 3896.JPG,train/Soybean___healthy/756244a1-64a2-4ced-a034-921fc52a9d4e___RS_HL 4411.JPG,4,0.06779272109270096,0.8582720139436406,False
Soybean___healthy,train/Soybean___healthy/33e8f0ce-db42-4734-992b-3e69baead37b___RS_HL 3837.JPG,train/Soybean___healthy/818f1327-c7b8-413e-a4b5-b2dcc0091dfd___RS_HL 5129.JPG,4,0.07468795031309128,0.821350420791946,False
Soybean___healthy,train/Soybean___healthy/33e8f0ce-db42-4734-992b-3e69baead37b___RS_HL 3837.JPG,train/Soybean___healthy/b5acd86d-9165-406a-9920-9e23b2a6259f___RS_HL 3898.JPG,4,0.09728250652551651,0.8313333147272765,False
Soybean___healthy,train/Soybean___healthy/340046c3-ce86-4802-8e6d-4faf88d0d77b___RS_HL 4050.JPG,train/Soybean___healthy/d1f81bac-3d5e-46e2-b311-ac83eb6ba43b___RS_HL 3419.JPG,4,0.08286299556493759,0.7771211818813656,False
Soybean___healthy,train/Soybean___healthy/340046c3-ce86-4802-8e6d-4faf88d0d77b___RS_HL 4050.JPG,train/Soybean___healthy/f8ab1a01-10af-483e-a910-128dcd499569___RS_HL 3910.JPG,4,0.2808179557323456,0.8185858955264024,False
Soybean___healthy,train/Soybean___healthy/340046c3-ce86-4802-8e6d-4faf88d0d77b___RS_HL 4050.JPG,val/Soybean___healthy/d0816456-9583-4738-904b-fc696ea0a4ca___RS_HL 3928.JPG,4,0.09328462183475494,0.8893862152969475,False
Soybean___healthy,train/Soybean___healthy/3433fd01-b691-4c26-bba7-c60101b9c294___RS_HL 7193.JPG,train/Soybean___healthy/d6ff7689-cca4-493e-a75a-e56618ea32c1___RS_HL 7191.JPG,4,0.05660885199904442,0.9083637163888137,True
Soybean___healthy,train/Soybean___healthy/345e8571-d9f1-4654-965d-be2d3052e643___RS_HL 2997.JPG,train/Soybean___healthy/89668bf2-b5ff-4b14-9f77-25928240be1a___RS_HL 3070.JPG,4,0.10854353755712509,0.7341665834180755,False
Soybean___healthy,train/Soybean___healthy/34a470b3-d98f-4209-a0ce-c2e16505df41___RS_HL 4690.JPG,val/Soybean___healthy/1917ad20-c665-40ba-88e6-36dd69133b64___RS_HL 5558 1.JPG,4,0.09197956323623657,0.8472425689652999,False
Soybean___healthy,train/Soybean___healthy/35130f90-6a75-45a1-880b-e19cff509206___RS_HL 6996.JPG,train/Soybean___healthy/aeeb787e-97c2-403a-941d-925e553909c8___RS_HL 6358.JPG,4,0.10133271664381027,0.7841097852810919,False
Soybean___healthy,train/Soybean___healthy/35130f90-6a75-45a1-880b-e19cff509206___RS_HL 6996.JPG,train/Soybean___healthy/cc2e666c-b640-4313-8caf-207d8b1a8e9d___RS_HL 6414.JPG,4,0.12168735265731812,0.66922311435218,False
Soybean___healthy,train/Soybean___healthy/35af62cf-de20-465e-90dd-db443846801b___RS_HL 6613.JPG,train/Soybean___healthy/9aa9305c-1d9b-4245-ad8c-09222b4c450c___RS_HL 6611.JPG,4,0.08406537026166916,0.804724236881728,False
Soybean___healthy,train/Soybean___healthy/3649d462-3148-4440-8214-8aaa1a1d057d___RS_HL 6091.JPG,train/Soybean___healthy/5506bce8-6c42-4abe-a597-b0c850fabbfc___RS_HL 6097.JPG,4,0.04468784108757973,0.9532728334222179,True
Soybean___healthy,train/Soybean___healthy/36541977-88e9-440f-bcd0-ef6e8b49f057___RS_HL 3057.JPG,train/Soybean___healthy/9bc58625-250a-46e2-9bdb-1f796b488c01___RS_HL 3539.JPG,4,0.0921970084309578,0.8176800494035162,False
Soybean___healthy,train/Soybean___healthy/36824ab6-64c4-4fd4-9419-62f95d2fd065___RS_HL 4575.JPG,train/Soybean___healthy/8c583f4e-75d5-43d1-be0c-70d4d4c4aa06___RS_HL 4571.JPG,4,0.07173727452754974,0.8639135604396143,False
Soybean___healthy,train/Soybean___healthy/3696a50b-9ff2-4da1-9ab7-1ca2cc06a462___RS_HL 5326.JPG,train/Soybean___healthy/e546a7b6-7f3d-490d-bcb5-b8026e128cb6___RS_HL 4070.JPG,4,0.09526342898607254,0.7323931564796198,False
Soybean___healthy,train/Soybean___healthy/369b2555-d3f0-45db-a85c-728de7bbd02e___RS_HL 3531.JPG,train/Soybean___healthy/45b07800-300f-4990-8c81-0b2751aec254___RS_HL 5287.JPG,4,0.1495368927717209,0.7837573082975257,False
Soybean___healthy,train/Soybean___healthy/369b2555-d3f0-45db-a85c-728de7bbd02e___RS_HL 3531.JPG,train/Soybean___healthy/50f8fa14-4c23-4168-960c-5533c4a4d35e___RS_HL 3480.JPG,4,0.0585581474006176,0.8759551959581117,False
Soybean___healthy,train/Soybean___healthy/369b2555-d3f0-45db-a85c-728de7bbd02e___RS_HL 3531.JPG,train/Soybean___healthy/a27454bc-c7da-49ab-83cd-60541320fcc3___RS_HL 4418.JPG,4,0.09960809350013733,0.8041930632133111,False
Soybean___healthy,train/Soybean___healthy/369b2555-d3f0-45db-a85c-728de7bbd02e___RS_HL 3531.JPG,train/Soybean___healthy/c87321e2-d5a4-4153-b3b9-c099cdf1db5d___RS_HL 3828.JPG,4,0.08372636884450912,0.7551114854749741,False
Soybean___healthy,train/Soybean___healthy/36a90cdb-b5ca-4337-b313-3cb69e6877f5___RS_HL 5132.JPG,train/Soybean___healthy/47d66dd9-9b4c-4e04-8cdf-2f0977e609b6___RS_HL 2714.JPG,4,0.287485271692276,0.7029868525308005,False
Soybean___healthy,train/Soybean___healthy/36d6f94a-7f8c-48c0-a6c5-0399302bc22b___RS_HL 6227.JPG,train/Soybean___healthy/95841526-273c-4161-8de1-20c69d6650ba___RS_HL 5833.JPG,4,0.08399813622236252,0.7421060230709972,False
Soybean___healthy,train/Soybean___healthy/36d6f94a-7f8c-48c0-a6c5-0399302bc22b___RS_HL 6227.JPG,train/Soybean___healthy/cfa54446-5b27-4d48-b62f-9417dbf8c463___RS_HL 5845.JPG,4,0.07948537915945053,0.7730089440909816,False
Soybean___healthy,train/Soybean___healthy/36d6f94a-7f8c-48c0-a6c5-0399302bc22b___RS_HL 6227.JPG,val/Soybean___healthy/6bfa1286-a35f-4dde-a61a-959fea14cf11___RS_HL 5847.JPG,4,0.07832740992307663,0.7581641360034089,False
Soybean___healthy,train/Soybean___healthy/37180fad-b8c9-48e0-b1aa-2f288a5fc2c3___RS_HL 4288.JPG,train/Soybean___healthy/56850055-0190-47e7-a680-df012d9d1828___RS_HL 5570 1.JPG,4,0.0801732987165451,0.8684216348321872,False
Soybean___healthy,train/Soybean___healthy/37180fad-b8c9-48e0-b1aa-2f288a5fc2c3___RS_HL 4288.JPG,train/Soybean___healthy/79a83cc2-ad33-403b-9dc7-7f9757abf288___RS_HL 3604.JPG,4,0.09079336374998093,0.754694584979117,False
Soybean___healthy,train/Soybean___healthy/37180fad-b8c9-48e0-b1aa-2f288a5fc2c3___RS_HL 4288.JPG,train/Soybean___healthy/8c76beff-437e-4c5a-8c6a-eed877004255___RS_HL 5331.JPG,4,0.06539706140756607,0.8727594679155846,False
Soybean___healthy,train/Soybean___healthy/37180fad-b8c9-48e0-b1aa-2f288a5fc2c3___RS_HL 4288.JPG,train/Soybean___healthy/98a539a4-6cc9-4fe2-a240-84a658825869___RS_HL 4625.JPG,4,0.09036501497030258,0.8203606170371972,False
Soybean___healthy,train/Soybean___healthy/37180fad-b8c9-48e0-b1aa-2f288a5fc2c3___RS_HL 4288.JPG,train/Soybean___healthy/a8da3165-bbd3-4f30-a1e3-a6c2ad168188___RS_HL 4234.JPG,4,0.11327897757291794,0.8410758859452468,False
Soybean___healthy,train/Soybean___healthy/37180fad-b8c9-48e0-b1aa-2f288a5fc2c3___RS_HL 4288.JPG,train/Soybean___healthy/f52a4845-793f-4d61-a60b-cbc314b1d657___RS_HL 5017.JPG,4,0.0880281999707222,0.8453435946836801,False
Soybean___healthy,train/Soybean___healthy/373688e6-43b8-4a6e-96b8-9be77cb8ed78___RS_HL 5735.JPG,train/Soybean___healthy/624a6b77-8c92-4c81-8634-aaac3e78d0ca___RS_HL 6082.JPG,4,0.10036949068307877,0.6913608176830948,False
Soybean___healthy,train/Soybean___healthy/373688e6-43b8-4a6e-96b8-9be77cb8ed78___RS_HL 5735.JPG,train/Soybean___healthy/cb109153-a850-47c9-b063-6800fd0d5247___RS_HL 5723.JPG,4,0.09070868790149689,0.8220584685952017,False
Soybean___healthy,train/Soybean___healthy/373688e6-43b8-4a6e-96b8-9be77cb8ed78___RS_HL 5735.JPG,train/Soybean___healthy/f4f20ba2-128e-439f-ba05-4b52b7657f73___RS_HL 6009.JPG,4,0.1094725951552391,0.6924613450613769,False
Soybean___healthy,train/Soybean___healthy/379b93ea-da9c-48c6-aca9-b285d39aad3d___RS_HL 5339.JPG,train/Soybean___healthy/d4a90bc6-db0f-43e2-b3ac-7b178b6fb3ec___RS_HL 4058.JPG,4,0.08082050830125809,0.8047852304003782,False
Soybean___healthy,train/Soybean___healthy/38087690-9dde-45be-bc97-f3add32102da___RS_HL 5538 1.JPG,train/Soybean___healthy/8e7209a0-c837-4b22-9e6a-fa46bc925bec___RS_HL 5730 1.JPG,4,0.1232597753405571,0.633088730025573,False
Soybean___healthy,train/Soybean___healthy/38087690-9dde-45be-bc97-f3add32102da___RS_HL 5538 1.JPG,train/Soybean___healthy/ff5d05c7-398d-4170-a684-64552d5a5bc1___RS_HL 5463.JPG,4,0.08945227414369583,0.8435254740258542,False
Soybean___healthy,train/Soybean___healthy/394fdee0-1d75-49cc-b5c9-26231be45726___RS_HL 4221.JPG,train/Soybean___healthy/d14add50-a548-4c61-98ab-a4afd7606ce8___RS_HL 6842.JPG,4,0.17649653553962708,0.7681219794429361,False
Soybean___healthy,train/Soybean___healthy/394fdee0-1d75-49cc-b5c9-26231be45726___RS_HL 4221.JPG,val/Soybean___healthy/c2135eb9-8e38-460a-bfb5-dd8ec00bc739___RS_HL 5208.JPG,4,0.07472866773605347,0.8186021021556379,False
Soybean___healthy,train/Soybean___healthy/39cb8fb1-9c2e-4cb4-acac-35f90a4bcbb8___RS_HL 6107.JPG,val/Soybean___healthy/61771b23-de73-46fe-8028-9bc7aeda8bf2___RS_HL 6117.JPG,4,0.06878404319286346,0.8704823492239596,False
Soybean___healthy,train/Soybean___healthy/3a6552de-3446-4462-99c4-107948d5e512___RS_HL 5864.JPG,train/Soybean___healthy/e9f66b73-87a7-42fc-b2fa-081cd7ef6126___RS_HL 5852.JPG,4,0.060691408812999725,0.8988482654179631,False
Soybean___healthy,train/Soybean___healthy/3aea0764-f638-4a34-ad67-778d0798572e___RS_HL 5698 1.JPG,train/Soybean___healthy/b7174c7a-1316-4850-92b5-a55fc8cd84bb___RS_HL 3670.JPG,4,0.11675120145082474,0.7521352148144832,False
Soybean___healthy,train/Soybean___healthy/3aea0764-f638-4a34-ad67-778d0798572e___RS_HL 5698 1.JPG,val/Soybean___healthy/5a65f68b-0260-49e5-a178-ca327c4e1020___RS_HL 4854.JPG,4,0.08282895386219025,0.7553102820391906,False
Soybean___healthy,train/Soybean___healthy/3aea0764-f638-4a34-ad67-778d0798572e___RS_HL 5698 1.JPG,val/Soybean___healthy/9664f7f6-4780-467e-8368-62dd94313ac8___RS_HL 4213.JPG,4,0.10296017676591873,0.6579551839274043,False
Soybean___healthy,train/Soybean___healthy/3aea0764-f638-4a34-ad67-778d0798572e___RS_HL 5698 1.JPG,val/Soybean___healthy/fff606e6-7949-44cf-90d3-9507d2a97cfe___RS_HL 4083.JPG,4,0.09493066370487213,0.7367221482323195,False
Soybean___healthy,train/Soybean___healthy/3be6d998-2505-42fe-be85-23feb7e22f3e___RS_HL 5094.JPG,train/Soybean___healthy/888e439a-f383-4b9f-9e4c-4e5ce9f54283___RS_HL 3609.JPG,4,0.10681310296058655,0.780930519086649,False
Soybean___healthy,train/Soybean___healthy/3be6d998-2505-42fe-be85-23feb7e22f3e___RS_HL 5094.JPG,train/Soybean___healthy/b844568d-8ed2-41fd-a3e9-f23637487a6b___RS_HL 3125.JPG,4,0.09757824242115021,0.8132672570812294,False
Soybean___healthy,train/Soybean___healthy/3bf12b65-7c92-428f-aa6e-c61038121f1f___RS_HL 5239.JPG,train/Soybean___healthy/b54decab-cdd6-406c-bc01-3fa12900f8b2___RS_HL 4577.JPG,4,0.07451334595680237,0.8529272675427119,False
Soybean___healthy,train/Soybean___healthy/3bf32201-a268-4b1e-964c-c058deba79e9___RS_HL 5250.JPG,train/Soybean___healthy/47c5bfac-7191-40b5-9c87-394f2cd25a6e___RS_HL 5253.JPG,4,0.08907271176576614,0.7437837686906446,False
Soybean___healthy,train/Soybean___healthy/3cb41f89-4e40-4fbd-9715-ce1bf3b1795b___RS_HL 4721.JPG,val/Soybean___healthy/97bafb3d-5b02-4bfe-8811-209a6c0b7310___RS_HL 4298.JPG,4,0.10141824930906296,0.7923124381125292,False
Soybean___healthy,train/Soybean___healthy/3ce813a2-6087-451d-8b8e-e7826799ba6b___RS_HL 5939.JPG,train/Soybean___healthy/df6b4dc4-bf3a-44ae-96a2-0137eec1b907___RS_HL 7073.JPG,4,0.10053175687789917,0.7479581261256572,False
Soybean___healthy,train/Soybean___healthy/3cfa59e5-7f1e-430c-afa3-a2a6438c8a19___RS_HL 6338.JPG,train/Soybean___healthy/a99084dd-d6e8-4701-8303-d9a1c9d941f4___RS_HL 6340.JPG,4,0.10442013293504715,0.7177966986990317,False
Soybean___healthy,train/Soybean___healthy/3d4152a1-02d5-43dc-8ce2-2dbbf192ce5b___RS_HL 5732.JPG,train/Soybean___healthy/4d51ef14-4d06-4d30-b0e6-465f1ff8795e___RS_HL 6233.JPG,4,0.0988159328699112,0.7299857904506026,False
Soybean___healthy,train/Soybean___healthy/3d6f5842-4a38-49a0-82e4-e79315ddb7da___RS_HL 5221.JPG,train/Soybean___healthy/766bbfbc-8c7d-43fe-a501-099d1ecfcf3b___RS_HL 4785.JPG,4,0.07074057310819626,0.8501953230755344,False
Soybean___healthy,train/Soybean___healthy/3d6f5842-4a38-49a0-82e4-e79315ddb7da___RS_HL 5221.JPG,train/Soybean___healthy/769a9b40-57e7-4df6-976e-1d278559844f___RS_HL 4958.JPG,4,0.09633756428956985,0.8237280595080719,False
Soybean___healthy,train/Soybean___healthy/3d6f5842-4a38-49a0-82e4-e79315ddb7da___RS_HL 5221.JPG,train/Soybean___healthy/8fcdfc3b-b9ff-4c55-b80b-4d905680a2b1___RS_HL 3880.JPG,4,0.06933947652578354,0.8218274622717388,False
Soybean___healthy,train/Soybean___healthy/3d6f5842-4a38-49a0-82e4-e79315ddb7da___RS_HL 5221.JPG,train/Soybean___healthy/f66edfd0-3a2d-4b10-9a64-c9f464bd989e___RS_HL 5329.JPG,4,0.06297828257083893,0.8774176213913771,False
Soybean___healthy,train/Soybean___healthy/3eb5ce08-9ce2-4244-996d-61a08a239de7___RS_HL 4216.JPG,train/Soybean___healthy/437a7a2a-fb5c-41b8-9f22-872ffd9b1012___RS_HL 4127.JPG,4,0.09470444172620773,0.7872639707131656,False
Soybean___healthy,train/Soybean___healthy/3eb5ce08-9ce2-4244-996d-61a08a239de7___RS_HL 4216.JPG,val/Soybean___healthy/4e548c3e-2e6f-4625-971b-5955b8ee836e___RS_HL 3549.JPG,4,0.11031979322433472,0.8315069751136608,False
Soybean___healthy,train/Soybean___healthy/3eb5ce08-9ce2-4244-996d-61a08a239de7___RS_HL 4216.JPG,val/Soybean___healthy/65c629ba-18d8-41d7-ad42-1a365a27e9c6___RS_HL 3169.JPG,4,0.15829956531524658,0.8604255809751797,False
Soybean___healthy,train/Soybean___healthy/3eb5ce08-9ce2-4244-996d-61a08a239de7___RS_HL 4216.JPG,val/Soybean___healthy/a39f174d-6ff4-4dc4-a1fb-9c4ee0e7a92b___RS_HL 5389.JPG,4,0.11185505986213684,0.7618249121044837,False
Soybean___healthy,train/Soybean___healthy/3eb6479c-de7d-4fc5-bd0e-9cc84ab3bc9a___RS_HL 5491.JPG,train/Soybean___healthy/54220b9c-9655-47bf-9f0c-7abaf2e049d8___RS_HL 4701.JPG,4,0.1274699866771698,0.8599539509578116,False
Soybean___healthy,train/Soybean___healthy/3eb6479c-de7d-4fc5-bd0e-9cc84ab3bc9a___RS_HL 5491.JPG,train/Soybean___healthy/71ce143e-92c9-4e9b-847f-b7cc5d8dbd84___RS_HL 4770.JPG,4,0.13254044950008392,0.8594503266046724,False
Soybean___healthy,train/Soybean___healthy/3ebef44e-32d7-4dd7-9751-11430c70fa14___RS_HL 6348.JPG,train/Soybean___healthy/a99084dd-d6e8-4701-8303-d9a1c9d941f4___RS_HL 6340.JPG,4,0.09882358461618423,0.7321793648932979,False
Soybean___healthy,train/Soybean___healthy/3ebef44e-32d7-4dd7-9751-11430c70fa14___RS_HL 6348.JPG,train/Soybean___healthy/f9a54022-6065-43f6-8017-f178630158a7___RS_HL 5982.JPG,4,0.08996998518705368,0.7559522199185733,False
Soybean___healthy,train/Soybean___healthy/3f4e1b10-ff06-4ea4-b6ac-dd77d40cecc5___RS_HL 7054.JPG,train/Soybean___healthy/df6b4dc4-bf3a-44ae-96a2-0137eec1b907___RS_HL 7073.JPG,4,0.10041629523038864,0.7474880472662289,False
Soybean___healthy,train/Soybean___healthy/4013e19a-62a8-4171-b7f0-e022dc199113___RS_HL 6697.JPG,train/Soybean___healthy/9ff2dbda-965c-48ed-9246-c9e5eaa1821a___RS_HL 6696.JPG,2,0.05758186802268028,0.8490510626710681,False
Soybean___healthy,train/Soybean___healthy/4013e19a-62a8-4171-b7f0-e022dc199113___RS_HL 6697.JPG,train/Soybean___healthy/d0805704-373d-466f-93a6-d2351c8ecd76___RS_HL 3011.JPG,4,0.14043733477592468,0.8363407721213586,False
Soybean___healthy,train/Soybean___healthy/40fd6805-7712-4dc1-9da0-3efb3e17f94f___RS_HL 2986.JPG,train/Soybean___healthy/881f9aa0-f506-447a-b13d-de55d06d042e___RS_HL 4749.JPG,4,0.11535181850194931,0.6969291433240943,False
Soybean___healthy,train/Soybean___healthy/40fd6805-7712-4dc1-9da0-3efb3e17f94f___RS_HL 2986.JPG,train/Soybean___healthy/97eb9c15-be05-45f5-94bd-97d5673c906a___RS_HL 7228.JPG,4,0.10743676126003265,0.7068289207674262,False
Soybean___healthy,train/Soybean___healthy/416b33f7-1ff9-42c8-9bf5-06ff0d4980bb___RS_HL 3962.JPG,train/Soybean___healthy/75d58c62-8600-481d-ae8e-7d21222d2dc0___RS_HL 3883.JPG,4,0.09594892710447311,0.8131539191916359,False
Soybean___healthy,train/Soybean___healthy/421ba14a-e551-4a8f-a7b4-0decd9fd3123___RS_HL 3946.JPG,train/Soybean___healthy/62f00b7e-a4bd-4455-9bc7-663569077171___RS_HL 4363.JPG,4,0.06536556780338287,0.8373203990377949,False
Soybean___healthy,train/Soybean___healthy/421ba14a-e551-4a8f-a7b4-0decd9fd3123___RS_HL 3946.JPG,train/Soybean___healthy/760ac536-6705-47e6-a21c-b7c69868092c___RS_HL 4279.JPG,4,0.05585909262299538,0.8908945923956146,False
Soybean___healthy,train/Soybean___healthy/421ba14a-e551-4a8f-a7b4-0decd9fd3123___RS_HL 3946.JPG,train/Soybean___healthy/8709eeaf-2d9f-413b-a40f-ca5ed88e2b74___RS_HL 4997.JPG,4,0.10029658675193787,0.78007870777623,False
Soybean___healthy,train/Soybean___healthy/421ba14a-e551-4a8f-a7b4-0decd9fd3123___RS_HL 3946.JPG,train/Soybean___healthy/8fae852b-7284-43b7-a62b-abc61772d6f5___RS_HL 5468.JPG,4,0.09082641452550888,0.8330937668279017,False
Soybean___healthy,train/Soybean___healthy/421ba14a-e551-4a8f-a7b4-0decd9fd3123___RS_HL 3946.JPG,train/Soybean___healthy/964186af-88bb-4eba-b88b-eb961fc04786___RS_HL 5345.JPG,4,0.08718454092741013,0.8060808279125904,False
Soybean___healthy,train/Soybean___healthy/421ba14a-e551-4a8f-a7b4-0decd9fd3123___RS_HL 3946.JPG,train/Soybean___healthy/b7174c7a-1316-4850-92b5-a55fc8cd84bb___RS_HL 3670.JPG,4,0.10955484956502914,0.8157038388964396,False
Soybean___healthy,train/Soybean___healthy/421ba14a-e551-4a8f-a7b4-0decd9fd3123___RS_HL 3946.JPG,train/Soybean___healthy/c4dd4ae6-a23c-4e18-9f7e-a93bb0cbf7dd___RS_HL 3902.JPG,4,0.07368940860033035,0.8674846339872748,False
Soybean___healthy,train/Soybean___healthy/421ba14a-e551-4a8f-a7b4-0decd9fd3123___RS_HL 3946.JPG,val/Soybean___healthy/a28857ad-12e4-4ff7-8041-b00dba31dc57___RS_HL 5584 1.JPG,4,0.10409334301948547,0.6642559367210578,False
Soybean___healthy,train/Soybean___healthy/421ba14a-e551-4a8f-a7b4-0decd9fd3123___RS_HL 3946.JPG,val/Soybean___healthy/a5dc2d7d-2819-41e3-914a-2a05df01ab37___RS_HL 4568.JPG,4,0.137192502617836,0.8116780942254506,False
Soybean___healthy,train/Soybean___healthy/42727c9c-59e8-46a6-8050-7ee4eaa8002b___RS_HL 6965.JPG,train/Soybean___healthy/67f8ae76-9c44-4688-95ef-4e1a314898a6___RS_HL 6648.JPG,4,0.08301065862178802,0.7621137404419622,False
Soybean___healthy,train/Soybean___healthy/428a4250-68c8-4a4d-92f1-927cbb85410b___RS_HL 5945.JPG,train/Soybean___healthy/ba5c8e7a-bba3-4c6f-99c1-350104222687___RS_HL 6345.JPG,4,0.07933417707681656,0.8422841556300326,False
Soybean___healthy,train/Soybean___healthy/42ca61af-1833-4eee-bef5-1a443410f067___RS_HL 6024.JPG,train/Soybean___healthy/f5b46eac-a05b-4e5e-a7c8-15e552b38a44___RS_HL 6026.JPG,4,0.05859148129820824,0.9023600689218273,True
Soybean___healthy,train/Soybean___healthy/42f37e94-d1e1-4324-a909-ab6786d4c011___RS_HL 6378.JPG,val/Soybean___healthy/7ff6b856-263a-4fa2-a2fd-4b6b00654cf2___RS_HL 6379.JPG,4,0.07545743137598038,0.7624610850117531,False
Soybean___healthy,train/Soybean___healthy/432221ce-2545-4d1f-b3e2-a19440c3ffeb___RS_HL 7037.JPG,train/Soybean___healthy/607d8a03-3519-46ac-8fd9-15b4f1c63eb2___RS_HL 4685.JPG,4,0.11277488619089127,0.8251601906864587,False
Soybean___healthy,train/Soybean___healthy/432221ce-2545-4d1f-b3e2-a19440c3ffeb___RS_HL 7037.JPG,train/Soybean___healthy/f68b8d6d-b1dd-40ff-b341-3f7963ad7281___RS_HL 5553 1.JPG,4,0.0933457538485527,0.7756374230271139,False
Soybean___healthy,train/Soybean___healthy/432221ce-2545-4d1f-b3e2-a19440c3ffeb___RS_HL 7037.JPG,val/Soybean___healthy/0275c314-9a57-4ea9-8405-029c55d0df7c___RS_HL 3820.JPG,4,0.07826854288578033,0.8132117179953097,False
Soybean___healthy,train/Soybean___healthy/437a7a2a-fb5c-41b8-9f22-872ffd9b1012___RS_HL 4127.JPG,val/Soybean___healthy/4e548c3e-2e6f-4625-971b-5955b8ee836e___RS_HL 3549.JPG,4,0.08232855051755905,0.736011125035114,False
Soybean___healthy,train/Soybean___healthy/437a7a2a-fb5c-41b8-9f22-872ffd9b1012___RS_HL 4127.JPG,val/Soybean___healthy/65c629ba-18d8-41d7-ad42-1a365a27e9c6___RS_HL 3169.JPG,4,0.22244560718536377,0.7911067842436222,False
Soybean___healthy,train/Soybean___healthy/43af946f-7ec2-4ec3-b3ef-0d3d373b7323___RS_HL 3668.JPG,train/Soybean___healthy/7cf00583-b812-4a40-a655-e2ddc6d01b45___RS_HL 4507.JPG,4,0.12119375169277191,0.8323659246838664,False
Soybean___healthy,train/Soybean___healthy/43af946f-7ec2-4ec3-b3ef-0d3d373b7323___RS_HL 3668.JPG,val/Soybean___healthy/23f5247d-2289-4d62-b2e3-7e2dbf58ffa5___RS_HL 4572.JPG,4,0.08888548612594604,0.8232539554862232,False
Soybean___healthy,train/Soybean___healthy/43af946f-7ec2-4ec3-b3ef-0d3d373b7323___RS_HL 3668.JPG,val/Soybean___healthy/a19c094b-6696-4bb5-8169-783fdaf3fa8e___RS_HL 4478.JPG,4,0.10846467316150665,0.8175128231848032,False
Soybean___healthy,train/Soybean___healthy/43af946f-7ec2-4ec3-b3ef-0d3d373b7323___RS_HL 3668.JPG,val/Soybean___healthy/ba7af1cf-c424-4e43-8611-c70b0c057ce0___RS_HL 4074.JPG,4,0.11955522745847702,0.757326621918546,False
Soybean___healthy,train/Soybean___healthy/43c04ad9-5f2e-4375-aaeb-96f5b2a6dd61___RS_HL 6393.JPG,train/Soybean___healthy/a864d9f5-f20b-444f-85ec-69ec145f4f1b___RS_HL 6390.JPG,4,0.09193886071443558,0.8444620190954344,False
Soybean___healthy,train/Soybean___healthy/442d2f25-1c93-4ecc-9a55-6dc7fce1783c___RS_HL 4698.JPG,train/Soybean___healthy/dd2c720e-a184-4d25-a72e-752869d405c7___RS_HL 4461.JPG,2,0.05994930490851402,0.8877128003610021,False
Soybean___healthy,train/Soybean___healthy/442d2f25-1c93-4ecc-9a55-6dc7fce1783c___RS_HL 4698.JPG,train/Soybean___healthy/e9dfdda7-6ae4-4586-a9a2-1d7414540a29___RS_HL 3704.JPG,4,0.0946156457066536,0.8035154171396625,False
Soybean___healthy,train/Soybean___healthy/44e0444a-430e-4f81-8455-eb3bda08356e___RS_HL 4665.JPG,train/Soybean___healthy/6bdffb57-e4c9-49c0-9072-3177c70dde25___RS_HL 3941.JPG,4,0.08573155105113983,0.7994878428753622,False
Soybean___healthy,train/Soybean___healthy/44e51128-5171-47a0-b35c-990dd46904be___RS_HL 4750.JPG,train/Soybean___healthy/e0e643d4-9d0c-4c19-b8ce-43ca6b3e95d5___RS_HL 7260.JPG,4,0.11785101890563965,0.7006268557202354,False
Soybean___healthy,train/Soybean___healthy/44f04573-0605-439d-b9e3-90c8651737f8___RS_HL 3524.JPG,train/Soybean___healthy/cc26489a-267e-405a-9c10-5f9cb290fcad___RS_HL 5432.JPG,4,0.10230091959238052,0.8294998778321445,False
Soybean___healthy,train/Soybean___healthy/44f04573-0605-439d-b9e3-90c8651737f8___RS_HL 3524.JPG,val/Soybean___healthy/459dcdba-1f87-4c2e-8a01-b0a9785bf284___RS_HL 5657 1.JPG,4,0.09143944084644318,0.8181610112109827,False
Soybean___healthy,train/Soybean___healthy/45146abd-0134-4c2c-bbb5-0bc2deaf666d___RS_HL 4992.JPG,val/Soybean___healthy/cf57bc73-b087-475f-a5a4-abd3f18d8bea___RS_HL 5185.JPG,4,0.06462971121072769,0.8651780375524819,False
Soybean___healthy,train/Soybean___healthy/45b0bcf9-1f53-4414-9cb2-d54c519cabe3___RS_HL 5902.JPG,train/Soybean___healthy/4b204c22-df30-4696-8b83-480ca8965809___RS_HL 5915.JPG,2,0.09491478651762009,0.8887152847107447,False
Soybean___healthy,train/Soybean___healthy/45bd131e-86fb-4509-b339-262a3fbd3e83___RS_HL 6630.JPG,train/Soybean___healthy/b4affb22-d012-42ad-a10f-ecf03e560c9c___RS_HL 4917.JPG,4,0.14363199472427368,0.6472036648632159,False
Soybean___healthy,train/Soybean___healthy/47c5bfac-7191-40b5-9c87-394f2cd25a6e___RS_HL 5253.JPG,train/Soybean___healthy/54c53875-18d5-468c-a0b3-0c554149c215___RS_HL 4959.JPG,4,0.10128137469291687,0.6949365671853116,False
Soybean___healthy,train/Soybean___healthy/47c5bfac-7191-40b5-9c87-394f2cd25a6e___RS_HL 5253.JPG,train/Soybean___healthy/6cd474f0-1b24-4ddb-8524-8d6c1ccf9add___RS_HL 5506.JPG,4,0.13795602321624756,0.7687169558792973,False
Soybean___healthy,train/Soybean___healthy/482bb92a-9b28-4707-a266-a3fcccd0ae8c___RS_HL 5187.JPG,train/Soybean___healthy/b7089d25-1938-4d6e-82f8-6f504c3e26ba___RS_HL 5200.JPG,4,0.07436101883649826,0.8082263516058462,False
Soybean___healthy,train/Soybean___healthy/482bb92a-9b28-4707-a266-a3fcccd0ae8c___RS_HL 5187.JPG,train/Soybean___healthy/f7989458-20b9-4b08-8fb1-7cf4be78dafe___RS_HL 3447.JPG,2,0.08528078347444534,0.8105023810971145,False
Soybean___healthy,train/Soybean___healthy/485f31da-d69b-4d26-9bbf-da339446cdef___RS_HL 5266.JPG,val/Soybean___healthy/c7d54891-36f1-46f3-9b49-4cfc419f5568___RS_HL 2698.JPG,4,0.08827174454927444,0.8171045015308286,False
Soybean___healthy,train/Soybean___healthy/48e31cd8-5ea2-4112-a436-4ff7d2b6e5bf___RS_HL 6893.JPG,train/Soybean___healthy/dd2c720e-a184-4d25-a72e-752869d405c7___RS_HL 4461.JPG,4,0.11141449958086014,0.7552284757788161,False
Soybean___healthy,train/Soybean___healthy/48e98191-aac8-4643-bfb2-30f53cef904c___RS_HL 4659.JPG,train/Soybean___healthy/82421f46-727e-432c-a07f-59f965ff069d___RS_HL 4355.JPG,4,0.11213064938783646,0.7714415313943097,False
Soybean___healthy,train/Soybean___healthy/48e98191-aac8-4643-bfb2-30f53cef904c___RS_HL 4659.JPG,train/Soybean___healthy/c088c7bb-f6e1-4a65-818c-5e0f04e2094d___RS_HL 4540.JPG,4,0.12762558460235596,0.7630724893859264,False
Soybean___healthy,train/Soybean___healthy/48e98191-aac8-4643-bfb2-30f53cef904c___RS_HL 4659.JPG,train/Soybean___healthy/d9dd6972-a327-448f-8ca8-ea1beedd1a59___RS_HL 5305.JPG,4,0.10269040614366531,0.6805187412214809,False
Soybean___healthy,train/Soybean___healthy/48e98191-aac8-4643-bfb2-30f53cef904c___RS_HL 4659.JPG,val/Soybean___healthy/1af59d6d-d080-4f1e-8550-387686e9af18___RS_HL 3544.JPG,4,0.08461867272853851,0.7394274360662245,False
Soybean___healthy,train/Soybean___healthy/49d5db61-ba38-49ea-9665-18f9bafeda55___RS_HL 3724.JPG,train/Soybean___healthy/cf7944eb-68cb-4d2e-ac24-4827ac0460cb___RS_HL 4067.JPG,4,0.07248334586620331,0.7948290383330637,False
Soybean___healthy,train/Soybean___healthy/49e6bb71-c56f-4355-a0ec-15159e6d6689___RS_HL 5714 1.JPG,train/Soybean___healthy/baeb603a-d572-4eea-b078-f5495e6cec80___RS_HL 3806.JPG,4,0.09396446496248245,0.7854519825301812,False
Soybean___healthy,train/Soybean___healthy/4a421c81-b75e-4ab7-9c4c-ea2d86d8dadf___RS_HL 5840.JPG,train/Soybean___healthy/4b204c22-df30-4696-8b83-480ca8965809___RS_HL 5915.JPG,4,0.06926275044679642,0.8781282666162157,False
Soybean___healthy,train/Soybean___healthy/4a421c81-b75e-4ab7-9c4c-ea2d86d8dadf___RS_HL 5840.JPG,val/Soybean___healthy/7b2bb24b-70fc-40fe-92f1-993a2484727b___RS_HL 5839.JPG,4,0.06654823571443558,0.9010189654337712,True
Soybean___healthy,train/Soybean___healthy/4a7733f1-3510-4a9a-86cc-746ad2eee261___RS_HL 5658 1.JPG,train/Soybean___healthy/daf9aaef-3bef-4ff8-8b5e-a43186bd1a8b___RS_HL 4982.JPG,4,0.07904893904924393,0.8323598968336171,False
Soybean___healthy,train/Soybean___healthy/4ad7c682-75c2-4ef0-a371-38833ee54d54___RS_HL 5861.JPG,train/Soybean___healthy/54c53875-18d5-468c-a0b3-0c554149c215___RS_HL 4959.JPG,2,0.139622762799263,0.7310453255564145,False
Soybean___healthy,train/Soybean___healthy/4ad7c682-75c2-4ef0-a371-38833ee54d54___RS_HL 5861.JPG,train/Soybean___healthy/d4f02410-2c32-4c58-83dd-b3febe7446ad___RS_HL 5567 1.JPG,4,0.09330150485038757,0.7994730538425586,False
Soybean___healthy,train/Soybean___healthy/4b1bb212-7a98-46a8-a57d-176d5879d5cb___RS_HL 3381.JPG,train/Soybean___healthy/57c18b39-2a33-471f-91eb-a9ba4ddabc7b___RS_HL 6167.JPG,4,0.06965465098619461,0.8695719883907576,False
Soybean___healthy,train/Soybean___healthy/4b204c22-df30-4696-8b83-480ca8965809___RS_HL 5915.JPG,train/Soybean___healthy/dc4ee4d3-bf20-4d6b-b40f-3a7099f50efb___RS_HL 5990.JPG,4,0.07980820536613464,0.8177705799450481,False
Soybean___healthy,train/Soybean___healthy/4b204c22-df30-4696-8b83-480ca8965809___RS_HL 5915.JPG,val/Soybean___healthy/7b2bb24b-70fc-40fe-92f1-993a2484727b___RS_HL 5839.JPG,4,0.07787621766328812,0.8293615818513409,False
Soybean___healthy,train/Soybean___healthy/4b322233-469e-4595-b024-2fddb3905150___RS_HL 3090.JPG,train/Soybean___healthy/d52c7953-d971-4e49-9ff6-5f3721da8a77___RS_HL 5401.JPG,4,0.20437829196453094,0.8219075316437185,False
Soybean___healthy,train/Soybean___healthy/4b322233-469e-4595-b024-2fddb3905150___RS_HL 3090.JPG,val/Soybean___healthy/b4f30be3-8f14-4138-8b06-9beb44b20c62___RS_HL 3764.JPG,4,0.14738236367702484,0.6994197910493786,False
Soybean___healthy,train/Soybean___healthy/4b322233-469e-4595-b024-2fddb3905150___RS_HL 3090.JPG,val/Soybean___healthy/edd05ee9-bfe5-4c78-8c3d-025c4c56ed51___RS_HL 4805.JPG,2,0.2618408799171448,0.8187598657822434,False
Soybean___healthy,train/Soybean___healthy/4b489ac1-a219-47c8-bb45-9b163c0aed17___RS_HL 4624.JPG,val/Soybean___healthy/7f05a83e-4d86-48be-8543-8e087ff86501___RS_HL 5560 1.JPG,4,0.0780719444155693,0.8316539594412466,False
Soybean___healthy,train/Soybean___healthy/4b618427-0698-4a01-afe8-a271b5f778aa___RS_HL 6755.JPG,train/Soybean___healthy/e2a44ce5-e59e-458b-af00-e043bc262c57___RS_HL 6757.JPG,4,0.09815610200166702,0.8096368706504556,False
Soybean___healthy,train/Soybean___healthy/4ba98db0-c81a-480e-80b4-02bac8491be9___RS_HL 4830.JPG,train/Soybean___healthy/d041f7ce-7165-4e76-baa2-f4e84527f2cc___RS_HL 4112.JPG,4,0.10792724043130875,0.7866258662456919,False
Soybean___healthy,train/Soybean___healthy/4bb2941f-574c-415e-a180-4df0c9defe9b___RS_HL 3669.JPG,train/Soybean___healthy/d2c524a0-94cf-4fbc-85cb-bd1bf7890a4e___RS_HL 3667.JPG,4,0.07496964186429977,0.8581286543413199,False
Soybean___healthy,train/Soybean___healthy/4bb2941f-574c-415e-a180-4df0c9defe9b___RS_HL 3669.JPG,val/Soybean___healthy/a8d6166c-6057-48cc-9c0d-9cc626d67700___RS_HL 3112.JPG,4,0.07759083807468414,0.806618918559262,False
Soybean___healthy,train/Soybean___healthy/4bc6e11c-5f1c-4046-942c-0a39a8b28838___RS_HL 5520.JPG,train/Soybean___healthy/e1dfa39c-b3f6-4885-a9e5-e60f2a96c473___RS_HL 6853.JPG,4,0.08710412681102753,0.7475777096443444,False
Soybean___healthy,train/Soybean___healthy/4c41b75f-b094-4de6-96ed-584bd9c49001___RS_HL 4929.JPG,train/Soybean___healthy/6932f8af-9d7f-4d90-a38f-7b28cbbb7d1d___RS_HL 4358.JPG,4,0.09466642886400223,0.8280651588176625,False
Soybean___healthy,train/Soybean___healthy/4c41b75f-b094-4de6-96ed-584bd9c49001___RS_HL 4929.JPG,train/Soybean___healthy/94667f5e-1d79-4406-b41a-b64d3cfb0ff8___RS_HL 5586 1.JPG,4,0.10911557078361511,0.7401205849795762,False
Soybean___healthy,train/Soybean___healthy/4d51ef14-4d06-4d30-b0e6-465f1ff8795e___RS_HL 6233.JPG,train/Soybean___healthy/d1a5db98-bf65-4d0f-9202-35fc8a06b4ca___RS_HL 6315.JPG,4,0.08679932355880737,0.7129464153500163,False
Soybean___healthy,train/Soybean___healthy/4daea54f-0aed-4fe1-9194-74f8acc23bc1___RS_HL 5507.JPG,train/Soybean___healthy/57ecef3d-5084-493f-8844-ec088439472b___RS_HL 5145.JPG,4,0.16116246581077576,0.7750630776538426,False
Soybean___healthy,train/Soybean___healthy/4e09b01b-9c12-46d0-91a4-56cc3358427a___RS_HL 5057.JPG,val/Soybean___healthy/8936f6e2-92ee-4608-87a3-aba4b0b03c0f___RS_HL 4761.JPG,4,0.0886279046535492,0.8261566373951241,False
Soybean___healthy,train/Soybean___healthy/4e47537f-0dcc-42b6-824e-db0e8d0ddc18___RS_HL 4324.JPG,train/Soybean___healthy/69468e87-3c6a-48d2-9b19-912a0e6f33e1___RS_HL 4570.JPG,4,0.08218231052160263,0.8845456300983094,False
Soybean___healthy,train/Soybean___healthy/4e47537f-0dcc-42b6-824e-db0e8d0ddc18___RS_HL 4324.JPG,train/Soybean___healthy/e6dfa315-08c3-4c1b-acf9-fb0d0559c58e___RS_HL 4200.JPG,4,0.06581350415945053,0.8438351655496362,False
Soybean___healthy,train/Soybean___healthy/4e82d2e5-d240-4c08-88bb-5032f4094810___RS_HL 3679.JPG,train/Soybean___healthy/5650269c-98e4-4bef-bcc3-97f201fb918b___RS_HL 3776.JPG,4,0.0795414000749588,0.8211004871832249,False
Soybean___healthy,train/Soybean___healthy/4e82d2e5-d240-4c08-88bb-5032f4094810___RS_HL 3679.JPG,train/Soybean___healthy/79a83cc2-ad33-403b-9dc7-7f9757abf288___RS_HL 3604.JPG,4,0.11299417912960052,0.6735204220591486,False
Soybean___healthy,train/Soybean___healthy/4e82d2e5-d240-4c08-88bb-5032f4094810___RS_HL 3679.JPG,train/Soybean___healthy/8c76beff-437e-4c5a-8c6a-eed877004255___RS_HL 5331.JPG,4,0.10688969492912292,0.796067857806085,False
Soybean___healthy,train/Soybean___healthy/4e82d2e5-d240-4c08-88bb-5032f4094810___RS_HL 3679.JPG,train/Soybean___healthy/b1a8d1e3-48d5-4864-8ab9-be5c48afd602___RS_HL 3774.JPG,4,0.08629932999610901,0.8051384703865739,False
Soybean___healthy,train/Soybean___healthy/4eedf17a-f0c8-4926-a1bb-1811331c39ac___RS_HL 5488.JPG,train/Soybean___healthy/b5acd86d-9165-406a-9920-9e23b2a6259f___RS_HL 3898.JPG,4,0.16115392744541168,0.8051681759128732,False
Soybean___healthy,train/Soybean___healthy/4eedf17a-f0c8-4926-a1bb-1811331c39ac___RS_HL 5488.JPG,train/Soybean___healthy/bc43ac1e-c679-42bc-90c7-b1374b73775a___RS_HL 3666.JPG,4,0.07689256221055984,0.797630389216055,False
Soybean___healthy,train/Soybean___healthy/4eedf17a-f0c8-4926-a1bb-1811331c39ac___RS_HL 5488.JPG,train/Soybean___healthy/c642c062-ebf4-4afd-b286-983a7e601347___RS_HL 3925.JPG,4,0.12423406541347504,0.8130305685254969,False
Soybean___healthy,train/Soybean___healthy/4eedf17a-f0c8-4926-a1bb-1811331c39ac___RS_HL 5488.JPG,val/Soybean___healthy/ba7af1cf-c424-4e43-8611-c70b0c057ce0___RS_HL 4074.JPG,4,0.11528869718313217,0.7659427413980746,False
Soybean___healthy,train/Soybean___healthy/4eef5fd1-3730-4607-a018-9b43d17a047f___RS_HL 6403.JPG,train/Soybean___healthy/5033bd54-d6cc-4317-84e9-a3427df41d1e___RS_HL 6205.JPG,4,0.0915103554725647,0.7773837631795782,False
Soybean___healthy,train/Soybean___healthy/4eef5fd1-3730-4607-a018-9b43d17a047f___RS_HL 6403.JPG,train/Soybean___healthy/5c30906a-78f8-4b20-95c5-8cd67b1f9227___RS_HL 6100.JPG,4,0.08572843670845032,0.7856532139972828,False
Soybean___healthy,train/Soybean___healthy/4eef5fd1-3730-4607-a018-9b43d17a047f___RS_HL 6403.JPG,train/Soybean___healthy/d3262cd0-7223-414b-b608-1507848973e0___RS_HL 6401.JPG,4,0.07423095405101776,0.8295348357162889,False
Soybean___healthy,train/Soybean___healthy/4eef5fd1-3730-4607-a018-9b43d17a047f___RS_HL 6403.JPG,train/Soybean___healthy/f2713b50-20b8-4b75-ab5d-1c1810277f5b___RS_HL 6156.JPG,4,0.11377853900194168,0.7895160331284077,False
Soybean___healthy,train/Soybean___healthy/4f239869-9b75-46b1-9d19-44fb7f775524___RS_HL 3308.JPG,val/Soybean___healthy/057e2cca-5656-47ba-8381-08158319f729___RS_HL 5576 1.JPG,4,0.09558893740177155,0.7250193428787893,False
Soybean___healthy,train/Soybean___healthy/4fc10746-5fc0-4089-b77d-ed0fe8160515___RS_HL 5693 1.JPG,train/Soybean___healthy/639d6e74-62e8-419c-b54d-a480ee986550___RS_HL 4560.JPG,4,0.08299660682678223,0.8213136373088598,False
Soybean___healthy,train/Soybean___healthy/4fc10746-5fc0-4089-b77d-ed0fe8160515___RS_HL 5693 1.JPG,train/Soybean___healthy/c89daf4e-0c70-4dee-88fa-1762278caa21___RS_HL 5291.JPG,4,0.06393910199403763,0.858156283811107,False
Soybean___healthy,train/Soybean___healthy/504d1070-3f0f-4550-80ab-025510f3cbf8___RS_HL 3301.JPG,train/Soybean___healthy/dc899c30-1039-455b-b8d7-3e27911ba323___RS_HL 3360.JPG,4,0.12650278210639954,0.7100174844095359,False
Soybean___healthy,train/Soybean___healthy/505f107f-00e9-43c6-b76b-f83e8a355c17___RS_HL 6137.JPG,val/Soybean___healthy/38497c31-87c4-46c7-94c6-2e824c017ea3___RS_HL 6262.JPG,4,0.0982392206788063,0.7770621726724917,False
Soybean___healthy,train/Soybean___healthy/50ae30b8-6e3e-4743-ae7f-9901f229122d___RS_HL 4302.JPG,val/Soybean___healthy/11ae9b43-83c6-49e5-af06-98f0e8596803___RS_HL 4518.JPG,4,0.0831112191081047,0.8230455899546552,False
Soybean___healthy,train/Soybean___healthy/50f595fb-030e-4351-a801-431de6a38e84___RS_HL 4447.JPG,train/Soybean___healthy/e6cea06d-3ebb-418d-b7ca-de748a13a5df___RS_HL 3804.JPG,4,0.16615960001945496,0.8507936687092769,False
Soybean___healthy,train/Soybean___healthy/51223347-49df-454c-b84c-8ff0d0796891___RS_HL 5518 1.JPG,train/Soybean___healthy/56850055-0190-47e7-a680-df012d9d1828___RS_HL 5570 1.JPG,4,0.11764393746852875,0.8287364694290775,False
Soybean___healthy,train/Soybean___healthy/51223347-49df-454c-b84c-8ff0d0796891___RS_HL 5518 1.JPG,train/Soybean___healthy/9e1987ae-31e9-4e8e-bdcb-0f4dab1f4b92___RS_HL 5513.JPG,4,0.07613584399223328,0.8149834964798773,False
Soybean___healthy,train/Soybean___healthy/51223347-49df-454c-b84c-8ff0d0796891___RS_HL 5518 1.JPG,val/Soybean___healthy/c4ac992c-9d87-4637-b683-472967805c81___RS_HL 2778.JPG,4,0.12540310621261597,0.6969176910695604,False
Soybean___healthy,train/Soybean___healthy/5327698d-fe17-4978-898a-f379d79d99d7___RS_HL 3603.JPG,train/Soybean___healthy/7902b2a9-489e-4a25-9325-19bca6bae024___RS_HL 3601.JPG,4,0.06600356847047806,0.8478255103759499,False
Soybean___healthy,train/Soybean___healthy/53a386fe-c021-48a2-9bf3-703a80e1c8c2___RS_HL 3515.JPG,train/Soybean___healthy/5650269c-98e4-4bef-bcc3-97f201fb918b___RS_HL 3776.JPG,4,0.08076831698417664,0.8115970614172062,False
Soybean___healthy,train/Soybean___healthy/53a386fe-c021-48a2-9bf3-703a80e1c8c2___RS_HL 3515.JPG,train/Soybean___healthy/d8e246bb-14ce-4d26-a069-f8ef1269217b___RS_HL 3590.JPG,4,0.09972511976957321,0.6993170986542525,False
Soybean___healthy,train/Soybean___healthy/53a386fe-c021-48a2-9bf3-703a80e1c8c2___RS_HL 3515.JPG,train/Soybean___healthy/f52a4845-793f-4d61-a60b-cbc314b1d657___RS_HL 5017.JPG,4,0.07685426622629166,0.8017395747645496,False
Soybean___healthy,train/Soybean___healthy/53e709d9-4a67-4852-8948-38c4b465e95d___RS_HL 4111.JPG,val/Soybean___healthy/29403a1c-7113-455a-b025-24144ea9da8f___RS_HL 3373.JPG,4,0.16099777817726135,0.6376083948834022,False
Soybean___healthy,train/Soybean___healthy/53e709d9-4a67-4852-8948-38c4b465e95d___RS_HL 4111.JPG,val/Soybean___healthy/d368f087-3644-4c26-8837-2be13a3105e9___RS_HL 4500.JPG,4,0.1002107709646225,0.6698806883853021,False
Soybean___healthy,train/Soybean___healthy/54c53875-18d5-468c-a0b3-0c554149c215___RS_HL 4959.JPG,train/Soybean___healthy/d4f02410-2c32-4c58-83dd-b3febe7446ad___RS_HL 5567 1.JPG,4,0.1301169991493225,0.73882414542074,False
Soybean___healthy,train/Soybean___healthy/54c53875-18d5-468c-a0b3-0c554149c215___RS_HL 4959.JPG,val/Soybean___healthy/2f601170-0f62-43e8-a4a5-2847cc9c67d0___RS_HL 4957.JPG,4,0.08467116206884384,0.7599203555262589,False
Soybean___healthy,train/Soybean___healthy/552480aa-aba0-430e-a44e-602559f931ea___RS_HL 4046.JPG,train/Soybean___healthy/9f87e191-4b71-44c2-96b1-7d506be0d2d3___RS_HL 3825.JPG,4,0.07415434718132019,0.8125991029923437,False
Soybean___healthy,train/Soybean___healthy/55b23292-71fe-40ab-9912-ec9c90cf2d76___RS_HL 6758.JPG,val/Soybean___healthy/59c19441-ceec-4027-b73f-8e2612d3e80c___RS_HL 6694.JPG,4,0.08885541558265686,0.783598103227481,False
Soybean___healthy,train/Soybean___healthy/563ec871-3c87-4bcc-a6c7-2ed5ec2f9da5___RS_HL 6269.JPG,train/Soybean___healthy/e5bd6ccc-2b3b-4065-99ba-303491819ba1___RS_HL 6222.JPG,4,0.07108481228351593,0.8181667069940024,False
Soybean___healthy,train/Soybean___healthy/56850055-0190-47e7-a680-df012d9d1828___RS_HL 5570 1.JPG,train/Soybean___healthy/8c76beff-437e-4c5a-8c6a-eed877004255___RS_HL 5331.JPG,4,0.07045888155698776,0.8567408745817681,False
Soybean___healthy,train/Soybean___healthy/56850055-0190-47e7-a680-df012d9d1828___RS_HL 5570 1.JPG,train/Soybean___healthy/98a539a4-6cc9-4fe2-a240-84a658825869___RS_HL 4625.JPG,4,0.09067152440547943,0.837749463111541,False
Soybean___healthy,train/Soybean___healthy/56850055-0190-47e7-a680-df012d9d1828___RS_HL 5570 1.JPG,train/Soybean___healthy/9e1987ae-31e9-4e8e-bdcb-0f4dab1f4b92___RS_HL 5513.JPG,4,0.10990747064352036,0.8297561993999482,False
Soybean___healthy,train/Soybean___healthy/56850055-0190-47e7-a680-df012d9d1828___RS_HL 5570 1.JPG,train/Soybean___healthy/a8da3165-bbd3-4f30-a1e3-a6c2ad168188___RS_HL 4234.JPG,4,0.1127999871969223,0.8530804231923643,False
Soybean___healthy,train/Soybean___healthy/56850055-0190-47e7-a680-df012d9d1828___RS_HL 5570 1.JPG,val/Soybean___healthy/2f7f7d19-da76-4299-812e-de03a316be2c___RS_HL 5114.JPG,4,0.09059960395097733,0.818346592152971,False
Soybean___healthy,train/Soybean___healthy/56ad27f3-7d42-455a-8c57-5b53f94b4105___RS_HL 5778 1.JPG,train/Soybean___healthy/8a2007d8-8210-4863-bd14-bc528b5c4118___RS_HL 5479.JPG,2,0.07398656010627747,0.8653103648092492,False
Soybean___healthy,train/Soybean___healthy/57a01f63-5550-4d78-94dd-09417e3d311c___RS_HL 5981.JPG,train/Soybean___healthy/863b9f39-fd02-44b8-858e-c05d40e59204___RS_HL 5979.JPG,4,0.0793459489941597,0.7686624520346012,False
Soybean___healthy,train/Soybean___healthy/57ecef3d-5084-493f-8844-ec088439472b___RS_HL 5145.JPG,train/Soybean___healthy/c763b13c-dadc-42f3-a2af-fe2cc2d95597___RS_HL 3522.JPG,4,0.15244190394878387,0.7270729626221858,False
Soybean___healthy,train/Soybean___healthy/57ecef3d-5084-493f-8844-ec088439472b___RS_HL 5145.JPG,val/Soybean___healthy/1f437b37-c648-45f3-a5f8-323cbb5bde35___RS_HL 7166.JPG,4,0.09022670984268188,0.8367723276876498,False
Soybean___healthy,train/Soybean___healthy/581416a4-377d-4f4a-9c6b-d440f8f23ef2___RS_HL 3562.JPG,train/Soybean___healthy/d6144acf-78ad-4891-af3f-b9750c71f318___RS_HL 4202.JPG,4,0.07050086557865143,0.8229500621703327,False
Soybean___healthy,train/Soybean___healthy/58e625c0-3393-41b7-aedb-b9d46bb9e1f6___RS_HL 6976.JPG,train/Soybean___healthy/70633174-1c06-49e9-b7b8-957043b2f261___RS_HL 6978.JPG,4,0.07711567729711533,0.8389429133817241,False
Soybean___healthy,train/Soybean___healthy/58e625c0-3393-41b7-aedb-b9d46bb9e1f6___RS_HL 6976.JPG,train/Soybean___healthy/75a67bc1-dbab-41cf-a3b0-3229bc293f3a___RS_HL 6988.JPG,2,0.04783354699611664,0.9175292235536227,True
Soybean___healthy,train/Soybean___healthy/58ed8a70-c3bb-46ab-b13b-a9c0f50a23e3___RS_HL 4618.JPG,val/Soybean___healthy/31a3e573-b41b-4dbe-bfd2-20654deb0fcc___RS_HL 3692.JPG,4,0.09985078126192093,0.8311640104115,False
Soybean___healthy,train/Soybean___healthy/5913c19a-1c53-4db8-a4bc-47bb13053965___RS_HL 4733.JPG,val/Soybean___healthy/deb95aac-013f-4af2-9152-010e715d316f___RS_HL 3884.JPG,4,0.0961453840136528,0.7973469726022882,False
Soybean___healthy,train/Soybean___healthy/59310dd4-9969-4e9e-aa34-b0e9a239e34a___RS_HL 5706 1.JPG,val/Soybean___healthy/11ae9b43-83c6-49e5-af06-98f0e8596803___RS_HL 4518.JPG,4,0.11973988264799118,0.8348074460508625,False
Soybean___healthy,train/Soybean___healthy/5a88cf38-af3b-494c-b7c3-83b37773db99___RS_HL 7182.JPG,train/Soybean___healthy/784c6a81-fbc4-448e-87eb-3f3ea4c435ae___RS_HL 4104.JPG,4,0.109854556620121,0.6981982897611659,False
Soybean___healthy,train/Soybean___healthy/5ae76e98-ab18-48fa-9119-425c7a27ee48___RS_HL 6382.JPG,train/Soybean___healthy/98b10ba1-e214-42ff-855b-4afd617362a0___RS_HL 6380.JPG,4,0.052154541015625,0.8582108699764043,False
Soybean___healthy,train/Soybean___healthy/5b2c683d-fdb7-4bf0-89d9-73d1b3772dae___RS_HL 4169.JPG,train/Soybean___healthy/f67d5091-ac83-42d4-bb1d-fb0209266760___RS_HL 4660.JPG,4,0.12480384111404419,0.8091180604733329,False
Soybean___healthy,train/Soybean___healthy/5bd50611-7796-43ce-85a1-9b83c266f1a8___RS_HL 6685.JPG,train/Soybean___healthy/a821e906-0e8f-459e-bcbc-321ff0c21f3d___RS_HL 6490.JPG,4,0.12799875438213348,0.7097111481332068,False
Soybean___healthy,train/Soybean___healthy/5bd50611-7796-43ce-85a1-9b83c266f1a8___RS_HL 6685.JPG,train/Soybean___healthy/b1a2b2cc-1f8b-4700-a1a2-348f03f59482___RS_HL 6488.JPG,4,0.1004251018166542,0.730200622045123,False
Soybean___healthy,train/Soybean___healthy/5bf5e0ab-a1a7-4797-bd7e-5a9f43689613___RS_HL 4791.JPG,val/Soybean___healthy/619d6cdd-002a-45d3-ac20-e81598fb8310___RS_HL 5004.JPG,4,0.09126171469688416,0.8748086551992653,False
Soybean___healthy,train/Soybean___healthy/5c30906a-78f8-4b20-95c5-8cd67b1f9227___RS_HL 6100.JPG,train/Soybean___healthy/e1cce563-0ddc-4af6-9556-e3beb4d6a065___RS_HL 6412.JPG,4,0.09841281175613403,0.8001794570218493,False
Soybean___healthy,train/Soybean___healthy/5d0e6049-14ad-4384-9012-75706e059238___RS_HL 7085.JPG,train/Soybean___healthy/6212b418-9d95-462d-a05a-91b88ccfd63e___RS_HL 6919.JPG,4,0.07106877863407135,0.8415688992542697,False
Soybean___healthy,train/Soybean___healthy/5d91670d-1d98-4bc0-953f-0cc93332b1e2___RS_HL 5987.JPG,train/Soybean___healthy/c1585706-72f3-4fbd-ad20-99cbabb395b4___RS_HL 6482.JPG,4,0.10945882648229599,0.659933491158489,False
Soybean___healthy,train/Soybean___healthy/5da78ced-3e3c-431e-adb9-4a2476d3a894___RS_HL 6476.JPG,train/Soybean___healthy/6cbe21af-77e0-4fd4-8dbb-18943e84c0e3___RS_HL 6409.JPG,4,0.08881882578134537,0.7113997156323388,False
Soybean___healthy,train/Soybean___healthy/5da78ced-3e3c-431e-adb9-4a2476d3a894___RS_HL 6476.JPG,train/Soybean___healthy/bc1462a9-c2e3-44d1-8c3d-f2d9edb3ba53___RS_HL 6683.JPG,4,0.1379174292087555,0.7597925320665921,False
Soybean___healthy,train/Soybean___healthy/5da7f5c6-4942-4108-9048-352f3815836a___RS_HL 5274.JPG,train/Soybean___healthy/bb880e71-85b8-469f-9f19-8ae8685eec31___RS_HL 5218.JPG,4,0.06147421896457672,0.8493946062846756,False
Soybean___healthy,train/Soybean___healthy/5dc6180f-3e13-435c-b49d-1abcefd67218___RS_HL 6029.JPG,train/Soybean___healthy/b0eeaca4-a336-48a8-914b-cc20edcfeaf0___RS_HL 5569.JPG,4,0.11458291858434677,0.6258254700525705,False
Soybean___healthy,train/Soybean___healthy/5e0b340d-640b-4739-8bb9-0616a26449fb___RS_HL 7072.JPG,val/Soybean___healthy/c55c20a5-c529-43af-949e-cfaad2377481___RS_HL 5454.JPG,4,0.13095781207084656,0.7530154008830439,False
Soybean___healthy,train/Soybean___healthy/5e69bc47-a3ad-4fae-b01d-1a474c45a424___RS_HL 5684.JPG,train/Soybean___healthy/ec9b44e4-0027-4941-8a58-3cafb0b6645b___RS_HL 5686.JPG,4,0.07009194046258926,0.8796757213541504,False
Soybean___healthy,train/Soybean___healthy/5e69bc47-a3ad-4fae-b01d-1a474c45a424___RS_HL 5684.JPG,train/Soybean___healthy/f5a9bb0f-182c-4804-8351-af63f6f5dcd3___RS_HL 5906.JPG,4,0.0881216824054718,0.8285597461838706,False
Soybean___healthy,train/Soybean___healthy/5f01cca2-51fc-4b55-bf36-aaf034167ebe___RS_HL 3527.JPG,train/Soybean___healthy/f8770750-7952-40f8-94eb-57300636a96d___RS_HL 4301.JPG,4,0.08686285465955734,0.7788763766219498,False
Soybean___healthy,train/Soybean___healthy/607d8a03-3519-46ac-8fd9-15b4f1c63eb2___RS_HL 4685.JPG,train/Soybean___healthy/f68b8d6d-b1dd-40ff-b341-3f7963ad7281___RS_HL 5553 1.JPG,2,0.10316726565361023,0.8451221097707896,False
Soybean___healthy,train/Soybean___healthy/607d8a03-3519-46ac-8fd9-15b4f1c63eb2___RS_HL 4685.JPG,train/Soybean___healthy/fae54d78-acec-407e-99ff-4f54a175fd6b___RS_HL 4938.JPG,4,0.09225019067525864,0.8681211367270674,False
Soybean___healthy,train/Soybean___healthy/607d8a03-3519-46ac-8fd9-15b4f1c63eb2___RS_HL 4685.JPG,val/Soybean___healthy/9664f7f6-4780-467e-8368-62dd94313ac8___RS_HL 4213.JPG,4,0.07232378423213959,0.860555474360304,False
Soybean___healthy,train/Soybean___healthy/6099a20b-61bc-40c6-9f74-9d64ee57f24a___RS_HL 6070.JPG,train/Soybean___healthy/7d608768-bebf-485c-8123-6b221aa5c2fb___RS_HL 5844.JPG,4,0.09747710824012756,0.7479068189942452,False
Soybean___healthy,train/Soybean___healthy/6099a20b-61bc-40c6-9f74-9d64ee57f24a___RS_HL 6070.JPG,val/Soybean___healthy/04bc7e4f-8fea-40cd-a4d3-4c83c823c526___RS_HL 6072.JPG,2,0.0527460053563118,0.8670401817445534,False
Soybean___healthy,train/Soybean___healthy/6212b418-9d95-462d-a05a-91b88ccfd63e___RS_HL 6919.JPG,train/Soybean___healthy/6f771b51-7c51-4d59-aeb9-153d04389540___RS_HL 6693.JPG,4,0.13588061928749084,0.72646260284681,False
Soybean___healthy,train/Soybean___healthy/6212b418-9d95-462d-a05a-91b88ccfd63e___RS_HL 6919.JPG,train/Soybean___healthy/9945bbac-128b-4fbe-86c1-046c123b5e6d___RS_HL 6917.JPG,2,0.07109615951776505,0.8940316425652006,False
Soybean___healthy,train/Soybean___healthy/624a6b77-8c92-4c81-8634-aaac3e78d0ca___RS_HL 6082.JPG,train/Soybean___healthy/8246ed25-470a-444a-baf8-31965822556b___RS_HL 5653.JPG,4,0.09835949540138245,0.6886993608046176,False
Soybean___healthy,train/Soybean___healthy/624a6b77-8c92-4c81-8634-aaac3e78d0ca___RS_HL 6082.JPG,train/Soybean___healthy/c3fc4f16-7001-4444-a452-64490cdc7e73___RS_HL 5803.JPG,4,0.09256606549024582,0.7338912444854379,False
Soybean___healthy,train/Soybean___healthy/624a6b77-8c92-4c81-8634-aaac3e78d0ca___RS_HL 6082.JPG,train/Soybean___healthy/f4f20ba2-128e-439f-ba05-4b52b7657f73___RS_HL 6009.JPG,4,0.09559120982885361,0.7104487204088612,False
Soybean___healthy,train/Soybean___healthy/624a6b77-8c92-4c81-8634-aaac3e78d0ca___RS_HL 6082.JPG,val/Soybean___healthy/be618514-250f-4cea-817c-b0ec422a834e___RS_HL 5801.JPG,4,0.08835600316524506,0.753180077913896,False
Soybean___healthy,train/Soybean___healthy/62b59f90-d7bf-4f68-9a21-4c28dbe5f75f___RS_HL 3647.JPG,val/Soybean___healthy/0010d6a1-64f1-4997-99d8-6d86fa629014___RS_HL 6967.JPG,4,0.1143084466457367,0.7169245502382597,False
Soybean___healthy,train/Soybean___healthy/62b59f90-d7bf-4f68-9a21-4c28dbe5f75f___RS_HL 3647.JPG,val/Soybean___healthy/4864b136-e301-4592-8554-810ca2aebb1c___RS_HL 4826.JPG,4,0.10036054998636246,0.7247331178541275,False
Soybean___healthy,train/Soybean___healthy/62f00b7e-a4bd-4455-9bc7-663569077171___RS_HL 4363.JPG,train/Soybean___healthy/8709eeaf-2d9f-413b-a40f-ca5ed88e2b74___RS_HL 4997.JPG,4,0.09941817075014114,0.7572021480607314,False
Soybean___healthy,train/Soybean___healthy/639d6e74-62e8-419c-b54d-a480ee986550___RS_HL 4560.JPG,train/Soybean___healthy/eddf509b-db08-47ae-b836-ea3c35c0cd04___RS_HL 5523 1.JPG,4,0.09736774861812592,0.8224292644282136,False
Soybean___healthy,train/Soybean___healthy/63a5e362-672a-4dee-a673-d9258bb0ab6c___RS_HL 3560.JPG,train/Soybean___healthy/86408366-c846-4f1b-8088-21b9fe7ef69f___RS_HL 3908.JPG,4,0.0998842641711235,0.7531693850268619,False
Soybean___healthy,train/Soybean___healthy/63a5e362-672a-4dee-a673-d9258bb0ab6c___RS_HL 3560.JPG,train/Soybean___healthy/e0f9d06d-375d-4bb0-aec5-f25c2c2505b7___RS_HL 4766.JPG,4,0.08176586031913757,0.8239281499013841,False
Soybean___healthy,train/Soybean___healthy/63a5e362-672a-4dee-a673-d9258bb0ab6c___RS_HL 3560.JPG,val/Soybean___healthy/712bb093-a1b5-4170-a74a-d2150263689c___RS_HL 5166.JPG,4,0.08631692081689835,0.8909702035068175,False
Soybean___healthy,train/Soybean___healthy/63e0c050-fff0-42e1-996d-9e92364618e5___RS_HL 4099.JPG,train/Soybean___healthy/bd6b281b-11a7-4a04-91b8-aecf20b07fb9___RS_HL 7362.JPG,4,0.09210395812988281,0.8171686524801236,False
Soybean___healthy,train/Soybean___healthy/63f46f66-ed52-4eeb-a478-a68a403b4280___RS_HL 7052.JPG,train/Soybean___healthy/9209bf0b-b8e7-48b6-a5a2-a89b29c5b163___RS_HL 7053.JPG,2,0.08077866584062576,0.8544853311564004,False
Soybean___healthy,train/Soybean___healthy/643c151d-1418-4a45-80d8-8630798d7f53___RS_HL 4456.JPG,train/Soybean___healthy/fd858fcf-a5fe-42ed-be4c-af103d8c7e22___RS_HL 3919.JPG,4,0.10402979701757431,0.854736267451509,False
Soybean___healthy,train/Soybean___healthy/648e8bd1-830c-42bd-8d60-f5a85e616068___RS_HL 5354.JPG,train/Soybean___healthy/b7fcdf65-1f9e-4afc-887c-b4952b35495b___RS_HL 3780.JPG,4,0.0935727059841156,0.7936899705946615,False
Soybean___healthy,train/Soybean___healthy/64a44a8f-a19d-49f6-b6ed-1cce7d7bf576___RS_HL 5674.JPG,train/Soybean___healthy/dd4bf9f1-3395-478e-a7b5-2caacdf8c2cd___RS_HL 6159.JPG,4,0.10747861117124557,0.7119589508006845,False
Soybean___healthy,train/Soybean___healthy/64c55d89-14b6-4fdd-8929-bd1463383f1a___RS_HL 6898.JPG,train/Soybean___healthy/d6bc2d7c-4c6a-4335-a1ba-2fa6bde68a51___RS_HL 5948.JPG,4,0.09153518080711365,0.7580112193473548,False
Soybean___healthy,train/Soybean___healthy/64dafadf-8384-4564-bf2d-f495304b4c70___RS_HL 3886.JPG,train/Soybean___healthy/85d3c1c8-3577-4fa0-8383-6ce22eb0a023___RS_HL 6788.JPG,4,0.08247733116149902,0.819917638593421,False
Soybean___healthy,train/Soybean___healthy/64dc999c-535d-4ad9-b7db-2648037471ad___RS_HL 4963.JPG,train/Soybean___healthy/e3b30628-2269-44c7-b2fc-43bd425a4991___RS_HL 4933.JPG,4,0.08600898832082748,0.8405593506324326,False
Soybean___healthy,train/Soybean___healthy/64fe4099-f5d1-4c59-af2f-31d1a6349f7d___RS_HL 5183.JPG,val/Soybean___healthy/27a2656d-1dfc-46f0-a4c8-9c706b10e631___RS_HL 4759.JPG,4,0.07847307622432709,0.8465357919415294,False
Soybean___healthy,train/Soybean___healthy/64fe4099-f5d1-4c59-af2f-31d1a6349f7d___RS_HL 5183.JPG,val/Soybean___healthy/babe8aca-1308-42eb-942f-1aafcdfb6570___RS_HL 4860.JPG,4,0.12192606180906296,0.8284499259422269,False
Soybean___healthy,train/Soybean___healthy/65db881c-f239-4a2c-8139-dffcbc4c02a8___RS_HL 5480.JPG,train/Soybean___healthy/8bcdda51-7288-4e0f-a207-ea6587d2ca16___RS_HL 4746.JPG,4,0.1787482351064682,0.7981882280986494,False
Soybean___healthy,train/Soybean___healthy/662b2f0e-acdc-4fdb-90d5-1cce481d75ec___RS_HL 5337.JPG,train/Soybean___healthy/aeeb787e-97c2-403a-941d-925e553909c8___RS_HL 6358.JPG,4,0.08594346046447754,0.8145973232110381,False
Soybean___healthy,train/Soybean___healthy/67d35061-cc49-46b7-ba59-0bf8cb621da1___RS_HL 3978.JPG,val/Soybean___healthy/715897ce-21db-4197-89dc-68e6089976ae___RS_HL 5742 1.JPG,4,0.12943744659423828,0.691866638986325,False
Soybean___healthy,train/Soybean___healthy/6802a0fd-2fe4-4cda-a665-2510611971ce___RS_HL 5542 1.JPG,train/Soybean___healthy/bd99e361-f8fe-4fdd-b07d-8e17a501f710___RS_HL 3510.JPG,4,0.11631518602371216,0.7469843077441236,False
Soybean___healthy,train/Soybean___healthy/6802a0fd-2fe4-4cda-a665-2510611971ce___RS_HL 5542 1.JPG,train/Soybean___healthy/f8ab1a01-10af-483e-a910-128dcd499569___RS_HL 3910.JPG,4,0.23095044493675232,0.8505319080822863,False
Soybean___healthy,train/Soybean___healthy/6866ee58-983b-4c67-aa7e-3b701d331167___RS_HL 4517.JPG,train/Soybean___healthy/b93e2503-cadd-4350-912f-1888f9ea99ff___RS_HL 4662.JPG,4,0.14579376578330994,0.8151096706317527,False
Soybean___healthy,train/Soybean___healthy/68ded0f7-2d8e-44c9-a066-d067974caf02___RS_HL 5122.JPG,train/Soybean___healthy/dbdd4c29-94e9-4598-be4d-a80690ad1809___RS_HL 4197.JPG,4,0.09863082319498062,0.8368272025608404,False
Soybean___healthy,train/Soybean___healthy/6a37877c-41bf-4f7a-9e3d-f882d9b7bf62___RS_HL 4537.JPG,val/Soybean___healthy/ba914ac9-2408-4836-acf8-71045474609c___RS_HL 5152.JPG,4,0.07634463161230087,0.8305984596005703,False
Soybean___healthy,train/Soybean___healthy/6b427bc4-c0ed-49a4-acbf-065ad4348a5a___RS_HL 7040.JPG,train/Soybean___healthy/a154d762-7972-42c7-b54e-57984ff4949d___RS_HL 6763.JPG,4,0.10214318335056305,0.7146602404254604,False
Soybean___healthy,train/Soybean___healthy/6bdffb57-e4c9-49c0-9072-3177c70dde25___RS_HL 3941.JPG,train/Soybean___healthy/b92ff029-51a7-4a2f-8dce-708b5c7f5f95___RS_HL 5072.JPG,4,0.10625310987234116,0.7719785920243298,False
Soybean___healthy,train/Soybean___healthy/6bdffb57-e4c9-49c0-9072-3177c70dde25___RS_HL 3941.JPG,val/Soybean___healthy/3e33f778-45c7-47a7-86b9-909e967cf585___RS_HL 5058.JPG,4,0.12185642123222351,0.7720440779567,False
Soybean___healthy,train/Soybean___healthy/6bdffb57-e4c9-49c0-9072-3177c70dde25___RS_HL 3941.JPG,val/Soybean___healthy/c01dec35-4a1c-4c3b-95e9-e2a727978136___RS_HL 5450.JPG,4,0.09575504064559937,0.8043930312321919,False
Soybean___healthy,train/Soybean___healthy/6bdffb57-e4c9-49c0-9072-3177c70dde25___RS_HL 3941.JPG,val/Soybean___healthy/ee483a3d-093a-4ab9-a279-bcb86c947c95___RS_HL 4460.JPG,4,0.07153047621250153,0.8307106500225331,False
Soybean___healthy,train/Soybean___healthy/6c62a238-a4af-4021-82e3-f8fbef919fa6___RS_HL 3230.JPG,train/Soybean___healthy/93f5b584-81f7-4dfd-a517-f0f17804bbf4___RS_HL 4513.JPG,4,0.09051507711410522,0.8023857640224125,False
Soybean___healthy,train/Soybean___healthy/6cbe21af-77e0-4fd4-8dbb-18943e84c0e3___RS_HL 6409.JPG,train/Soybean___healthy/8302f802-cee2-4e90-a54f-91b781656e03___RS_HL 6407.JPG,4,0.06637688726186752,0.800644044309335,False
Soybean___healthy,train/Soybean___healthy/6cbe21af-77e0-4fd4-8dbb-18943e84c0e3___RS_HL 6409.JPG,train/Soybean___healthy/bc1462a9-c2e3-44d1-8c3d-f2d9edb3ba53___RS_HL 6683.JPG,4,0.11821597814559937,0.7615622409349704,False
Soybean___healthy,train/Soybean___healthy/6cbe21af-77e0-4fd4-8dbb-18943e84c0e3___RS_HL 6409.JPG,train/Soybean___healthy/ced064cd-479f-4b6f-bc26-97ec5aa44fe8___RS_HL 5903.JPG,4,0.10787690430879593,0.7299014649798877,False
Soybean___healthy,train/Soybean___healthy/6dd986d9-557d-495d-aad8-d4cfbbf4f859___RS_HL 6607.JPG,train/Soybean___healthy/872f86cb-4bf6-4dfe-a8f1-09ef0b47e911___RS_HL 6608.JPG,4,0.09512782841920853,0.7830228771423645,False
Soybean___healthy,train/Soybean___healthy/6e02c432-0a7b-4b2e-a2d9-6b8e0d4ef9b7___RS_HL 6980.JPG,train/Soybean___healthy/758537b1-bc0d-4c52-b723-a0d734dc594a___RS_HL 6405.JPG,2,0.09985418617725372,0.7834073259927766,False
Soybean___healthy,train/Soybean___healthy/6e4caa3a-dda0-445a-984a-0e31508cacf0___RS_HL 5219.JPG,train/Soybean___healthy/71f9ea00-e509-4980-bba5-33f1b83575f9___RS_HL 4969.JPG,4,0.07828116416931152,0.7932390905920901,False
Soybean___healthy,train/Soybean___healthy/6e4caa3a-dda0-445a-984a-0e31508cacf0___RS_HL 5219.JPG,train/Soybean___healthy/d24dfe8d-018b-4d71-80d7-9971014d022e___RS_HL 3784.JPG,4,0.07024243474006653,0.8292372298770597,False
Soybean___healthy,train/Soybean___healthy/6e4caa3a-dda0-445a-984a-0e31508cacf0___RS_HL 5219.JPG,train/Soybean___healthy/f8ab1a01-10af-483e-a910-128dcd499569___RS_HL 3910.JPG,4,0.26184484362602234,0.7984945986536702,False
Soybean___healthy,train/Soybean___healthy/6eff5c15-810d-45ee-8ef1-874333f8cdaa___RS_HL 6884.JPG,train/Soybean___healthy/a853bc5c-405d-4dbf-b109-e1eef08ba983___RS_HL 6964.JPG,4,0.10276075452566147,0.7558919824433773,False
Soybean___healthy,train/Soybean___healthy/6f057427-e1ca-431b-bc10-ba38ec6b2298___RS_HL 6011.JPG,train/Soybean___healthy/f4f20ba2-128e-439f-ba05-4b52b7657f73___RS_HL 6009.JPG,4,0.07163330912590027,0.8383269971284196,False
Soybean___healthy,train/Soybean___healthy/6f771b51-7c51-4d59-aeb9-153d04389540___RS_HL 6693.JPG,train/Soybean___healthy/9945bbac-128b-4fbe-86c1-046c123b5e6d___RS_HL 6917.JPG,4,0.10767237097024918,0.7518666230710133,False
Soybean___healthy,train/Soybean___healthy/6fbe376d-bfee-44f7-9432-7ccd737a2667___RS_HL 4495.JPG,val/Soybean___healthy/9e9afc4f-3866-48ca-b505-d13a191403b0___RS_HL 4654.JPG,4,0.10347236692905426,0.8506798593369027,False
Soybean___healthy,train/Soybean___healthy/70431d09-acff-4898-9c19-6d994bb72f77___RS_HL 4579.JPG,train/Soybean___healthy/f0dc69f7-3e5a-4d12-a86a-2f4bbf583680___RS_HL 4054.JPG,4,0.23085540533065796,0.8707147464229894,False
Soybean___healthy,train/Soybean___healthy/70cdfcaf-b5a7-4637-b3d6-00e34ce9d3c0___RS_HL 6147.JPG,val/Soybean___healthy/9d8e41e8-d2c7-4d04-b29a-08c394fffd6f___RS_HL 6768.JPG,4,0.0781140848994255,0.844754633249429,False
Soybean___healthy,train/Soybean___healthy/710747b3-8e3c-47c8-b3ce-056ab63959d6___RS_HL 3150.JPG,train/Soybean___healthy/b8288d31-a161-496e-b290-abe1a332bb58___RS_HL 3750.JPG,4,0.08993779122829437,0.8404651830059368,False
Soybean___healthy,train/Soybean___healthy/7194440d-9548-4e56-b058-ac286252af75___RS_HL 2746.JPG,val/Soybean___healthy/fc87d792-f83d-439e-a27a-afcf478c037b___RS_HL 2891.JPG,2,0.08048165589570999,0.8265752305536228,False
Soybean___healthy,train/Soybean___healthy/71f9ea00-e509-4980-bba5-33f1b83575f9___RS_HL 4969.JPG,train/Soybean___healthy/fb0c72a7-b8f2-458f-ae5a-0d3a6c153f52___RS_HL 5278.JPG,4,0.07458171248435974,0.8081847607113738,False
Soybean___healthy,train/Soybean___healthy/72234468-dde7-4035-a55c-da6857c4101d___RS_HL 4031.JPG,val/Soybean___healthy/cf9ea9fa-b6c6-412a-9b65-eac52390b5ce___RS_HL 4612.JPG,2,0.08575976639986038,0.8779280554897313,False
Soybean___healthy,train/Soybean___healthy/7240c0bc-4042-4789-8425-1f3467c9874f___RS_HL 5894.JPG,val/Soybean___healthy/cb793d21-b35f-43b0-b3ea-938b1c133f43___RS_HL 5726.JPG,4,0.10767406970262527,0.6771372690937023,False
Soybean___healthy,train/Soybean___healthy/72a80c80-1bc8-4b5b-a509-6e7b448ea0b7___RS_HL 3479.JPG,val/Soybean___healthy/ba7af1cf-c424-4e43-8611-c70b0c057ce0___RS_HL 4074.JPG,4,0.08441045880317688,0.7951494892393429,False
Soybean___healthy,train/Soybean___healthy/73681496-7d02-4730-b347-ac1bf06eb3de___RS_HL 4796.JPG,train/Soybean___healthy/97eb9c15-be05-45f5-94bd-97d5673c906a___RS_HL 7228.JPG,2,0.07413505762815475,0.8269623547522571,False
Soybean___healthy,train/Soybean___healthy/74a4ee2b-86cd-44f8-90f1-9646426597bd___RS_HL 4240.JPG,train/Soybean___healthy/8b6d341b-f5c2-4dce-a9ba-2df7087463f1___RS_HL 3625.JPG,4,0.11577023565769196,0.8676993858673191,False
Soybean___healthy,train/Soybean___healthy/74e73fa7-c639-4b92-9f55-416ac50bc7cf___RS_HL 5586.JPG,train/Soybean___healthy/f74b5035-34b3-4415-8ba7-35e38bc15ecb___RS_HL 5587.JPG,4,0.08120418339967728,0.8040507412903488,False
Soybean___healthy,train/Soybean___healthy/756fdbe0-bb99-44bc-9732-d98cff038a75___RS_HL 6228.JPG,train/Soybean___healthy/eb680077-f114-40a6-9a8f-6564043ab31d___RS_HL 6925.JPG,4,0.10090437531471252,0.7031182312230816,False
Soybean___healthy,train/Soybean___healthy/756fdbe0-bb99-44bc-9732-d98cff038a75___RS_HL 6228.JPG,val/Soybean___healthy/5ab57729-ec46-4245-a71a-bcd734a78406___RS_HL 5909.JPG,4,0.08059640973806381,0.7912347491231204,False
Soybean___healthy,train/Soybean___healthy/75b54f26-5cd5-418b-8c2e-762638c21248___RS_HL 2733.JPG,train/Soybean___healthy/efa3c5aa-f516-4dd4-8dba-69bd1f5480c2___RS_HL 3906.JPG,4,0.08373120427131653,0.838566458752777,False
Soybean___healthy,train/Soybean___healthy/75ceae51-b2fe-49ba-b396-6bcf86800922___RS_HL 4943.JPG,train/Soybean___healthy/78742856-a34f-4279-ba6f-aab9f395a73f___RS_HL 5671 1.JPG,4,0.10501416772603989,0.7517023747545054,False
Soybean___healthy,train/Soybean___healthy/75ceae51-b2fe-49ba-b396-6bcf86800922___RS_HL 4943.JPG,train/Soybean___healthy/a7aa7f74-407f-44e3-864b-7db088ebb094___RS_HL 5023.JPG,4,0.07454994320869446,0.8325801147113581,False
Soybean___healthy,train/Soybean___healthy/75ceae51-b2fe-49ba-b396-6bcf86800922___RS_HL 4943.JPG,train/Soybean___healthy/b09ab269-e19c-4f53-80fe-ee7552d13a61___RS_HL 5502.JPG,4,0.1018274649977684,0.749240383095235,False
Soybean___healthy,train/Soybean___healthy/75ceae51-b2fe-49ba-b396-6bcf86800922___RS_HL 4943.JPG,train/Soybean___healthy/b23bc2ab-d7f6-47dc-a0d4-03beaa7cb1a7___RS_HL 4226.JPG,4,0.14586426317691803,0.8354546626076924,False
Soybean___healthy,train/Soybean___healthy/75ceae51-b2fe-49ba-b396-6bcf86800922___RS_HL 4943.JPG,val/Soybean___healthy/3e43261a-8265-4e65-a2dd-feda13a307fe___RS_HL 4448.JPG,4,0.073713518679142,0.8592871533150604,False
Soybean___healthy,train/Soybean___healthy/75fc8ed9-a6b0-47f3-b28f-5f0f72d6c509___RS_HL 5722.JPG,train/Soybean___healthy/cc80f1c8-bfa0-4fbe-a25d-0c508ac13025___RS_HL 5720.JPG,4,0.07186705619096756,0.8484430805714263,False
Soybean___healthy,train/Soybean___healthy/760ac536-6705-47e6-a21c-b7c69868092c___RS_HL 4279.JPG,train/Soybean___healthy/b7174c7a-1316-4850-92b5-a55fc8cd84bb___RS_HL 3670.JPG,4,0.11407923698425293,0.8320358699593283,False
Soybean___healthy,train/Soybean___healthy/760ac536-6705-47e6-a21c-b7c69868092c___RS_HL 4279.JPG,train/Soybean___healthy/c4dd4ae6-a23c-4e18-9f7e-a93bb0cbf7dd___RS_HL 3902.JPG,2,0.08590970188379288,0.8227490082356632,False
Soybean___healthy,train/Soybean___healthy/760ac536-6705-47e6-a21c-b7c69868092c___RS_HL 4279.JPG,train/Soybean___healthy/f8ab1a01-10af-483e-a910-128dcd499569___RS_HL 3910.JPG,4,0.20066508650779724,0.7742492781967584,False
Soybean___healthy,train/Soybean___healthy/760ac536-6705-47e6-a21c-b7c69868092c___RS_HL 4279.JPG,train/Soybean___healthy/fb0c72a7-b8f2-458f-ae5a-0d3a6c153f52___RS_HL 5278.JPG,4,0.13732241094112396,0.7525650528720573,False
Soybean___healthy,train/Soybean___healthy/760ac536-6705-47e6-a21c-b7c69868092c___RS_HL 4279.JPG,val/Soybean___healthy/a5dc2d7d-2819-41e3-914a-2a05df01ab37___RS_HL 4568.JPG,4,0.1353273093700409,0.8381830450102209,False
Soybean___healthy,train/Soybean___healthy/769a9b40-57e7-4df6-976e-1d278559844f___RS_HL 4958.JPG,train/Soybean___healthy/7cc4e8b3-a174-4b3a-b461-8e15c306e5cf___RS_HL 2734.JPG,2,0.12684178352355957,0.7696292449574079,False
Soybean___healthy,train/Soybean___healthy/769a9b40-57e7-4df6-976e-1d278559844f___RS_HL 4958.JPG,train/Soybean___healthy/f66edfd0-3a2d-4b10-9a64-c9f464bd989e___RS_HL 5329.JPG,4,0.09095675498247147,0.8046775636001144,False
Soybean___healthy,train/Soybean___healthy/76e5a39e-1f60-4169-a407-94c1e43a3d0a___RS_HL 6638.JPG,train/Soybean___healthy/8c262ffd-c816-49dd-be4c-6aa3de02485b___RS_HL 6636.JPG,2,0.05067657679319382,0.9436167864643548,True
Soybean___healthy,train/Soybean___healthy/7702ce9b-81f9-4ece-ba58-af88e1d3b3fe___RS_HL 4715.JPG,train/Soybean___healthy/fd858fcf-a5fe-42ed-be4c-af103d8c7e22___RS_HL 3919.JPG,4,0.1004236713051796,0.8218083508254699,False
Soybean___healthy,train/Soybean___healthy/774e7a9f-b384-48ff-a642-9e9b7bcc98f8___RS_HL 5070.JPG,train/Soybean___healthy/c734a02e-694c-4f03-b268-2611d73cee33___RS_HL 5186.JPG,4,0.0781034380197525,0.7915070343209406,False
Soybean___healthy,train/Soybean___healthy/774e7a9f-b384-48ff-a642-9e9b7bcc98f8___RS_HL 5070.JPG,val/Soybean___healthy/0d95ffb5-68ae-437c-8971-4b3c3c6b6e21___RS_HL 4059.JPG,4,0.08045867830514908,0.809995648745623,False
Soybean___healthy,train/Soybean___healthy/774e7a9f-b384-48ff-a642-9e9b7bcc98f8___RS_HL 5070.JPG,val/Soybean___healthy/fff606e6-7949-44cf-90d3-9507d2a97cfe___RS_HL 4083.JPG,4,0.08407898247241974,0.8475805174981517,False
Soybean___healthy,train/Soybean___healthy/7760e915-a52e-41a7-8e7c-23bd1935ef16___RS_HL 6649.JPG,train/Soybean___healthy/7f6f8b53-656d-4a35-bce9-9372f1274598___RS_HL 6647.JPG,4,0.05345647409558296,0.8826751381129081,False
Soybean___healthy,train/Soybean___healthy/778831a8-1955-4e68-a7ea-fb98f42f2410___RS_HL 4767.JPG,train/Soybean___healthy/9b0e90ff-549b-4a4e-99af-f2b0319408db___RS_HL 3628.JPG,4,0.10728968679904938,0.7485270860237714,False
Soybean___healthy,train/Soybean___healthy/778831a8-1955-4e68-a7ea-fb98f42f2410___RS_HL 4767.JPG,train/Soybean___healthy/d41726df-07b2-4588-b384-a855ea15ed83___RS_HL 3918.JPG,4,0.11093664169311523,0.7977048286006202,False
Soybean___healthy,train/Soybean___healthy/779e834c-7c2e-4815-b8d4-55ff2889c395___RS_HL 5283.JPG,val/Soybean___healthy/1ba63a9d-673b-47f1-8440-a03fa8bd2332___RS_HL 4501.JPG,4,0.12927915155887604,0.8411249976691586,False
Soybean___healthy,train/Soybean___healthy/779e834c-7c2e-4815-b8d4-55ff2889c395___RS_HL 5283.JPG,val/Soybean___healthy/c3b0b862-94be-4e41-b018-103ebd22e1c9___RS_HL 5064.JPG,4,0.06361329555511475,0.8315710858036505,False
Soybean___healthy,train/Soybean___healthy/78124c72-a0de-4449-b0ce-33f94bc523b1___RS_HL 6707.JPG,train/Soybean___healthy/9cdee5aa-2ed5-4637-a331-be99826283b9___RS_HL 6698.JPG,4,0.06706679612398148,0.828337860889971,False
Soybean___healthy,train/Soybean___healthy/7854a7c5-ff2b-489a-ba7b-aa3fc253b63d___RS_HL 3807.JPG,train/Soybean___healthy/db8fc0e0-eeae-4cba-942c-6de6e3e5a134___RS_HL 5556 1.JPG,4,0.08640514314174652,0.7842177334522794,False
Soybean___healthy,train/Soybean___healthy/78742856-a34f-4279-ba6f-aab9f395a73f___RS_HL 5671 1.JPG,train/Soybean___healthy/8c76beff-437e-4c5a-8c6a-eed877004255___RS_HL 5331.JPG,4,0.08750170469284058,0.7531815995082598,False
Soybean___healthy,train/Soybean___healthy/78742856-a34f-4279-ba6f-aab9f395a73f___RS_HL 5671 1.JPG,train/Soybean___healthy/9aa57fb1-88fc-407b-a655-0a5601e35404___RS_HL 5697 1.JPG,4,0.06951266527175903,0.8144016720210613,False
Soybean___healthy,train/Soybean___healthy/78742856-a34f-4279-ba6f-aab9f395a73f___RS_HL 5671 1.JPG,train/Soybean___healthy/b09ab269-e19c-4f53-80fe-ee7552d13a61___RS_HL 5502.JPG,4,0.13577254116535187,0.7929051486524832,False
Soybean___healthy,train/Soybean___healthy/78742856-a34f-4279-ba6f-aab9f395a73f___RS_HL 5671 1.JPG,train/Soybean___healthy/b23bc2ab-d7f6-47dc-a0d4-03beaa7cb1a7___RS_HL 4226.JPG,2,0.09913746267557144,0.8586434064919305,False
Soybean___healthy,train/Soybean___healthy/78742856-a34f-4279-ba6f-aab9f395a73f___RS_HL 5671 1.JPG,train/Soybean___healthy/ba07dce8-e521-4670-ad69-119e835010fe___RS_HL 6206.JPG,4,0.12203498929738998,0.721914800871372,False
Soybean___healthy,train/Soybean___healthy/78742856-a34f-4279-ba6f-aab9f395a73f___RS_HL 5671 1.JPG,train/Soybean___healthy/ccc39144-2922-40ab-9b8c-2af9f4e9e836___RS_HL 4622.JPG,4,0.09569660574197769,0.7864776016885111,False
Soybean___healthy,train/Soybean___healthy/78742856-a34f-4279-ba6f-aab9f395a73f___RS_HL 5671 1.JPG,train/Soybean___healthy/d82310dd-286f-4980-b432-1468bdb71013___RS_HL 5579 1.JPG,4,0.08628500998020172,0.7796109805086382,False
Soybean___healthy,train/Soybean___healthy/78742856-a34f-4279-ba6f-aab9f395a73f___RS_HL 5671 1.JPG,train/Soybean___healthy/f84a4ac8-730b-40f2-b796-3fbf5d464ccb___RS_HL 3458.JPG,4,0.09662096947431564,0.7570128656686076,False
Soybean___healthy,train/Soybean___healthy/789b51b7-b797-4e43-b8b1-30876a96f435___RS_HL 6341.JPG,train/Soybean___healthy/9c40fa63-b98c-4fec-9edc-02fb4e99ef38___RS_HL 6342.JPG,2,0.1391134262084961,0.9103596229050788,False
Soybean___healthy,train/Soybean___healthy/79a83cc2-ad33-403b-9dc7-7f9757abf288___RS_HL 3604.JPG,train/Soybean___healthy/8c76beff-437e-4c5a-8c6a-eed877004255___RS_HL 5331.JPG,2,0.08385586738586426,0.776676735709766,False
Soybean___healthy,train/Soybean___healthy/79cce201-bba4-4a09-81e7-d6b4070c934e___RS_HL 4674.JPG,val/Soybean___healthy/0f51e99c-4383-4ad4-a366-85b5e1be7248___RS_HL 3723.JPG,4,0.09187673777341843,0.7701217961865058,False
Soybean___healthy,train/Soybean___healthy/7a559086-eb92-4b12-bcb7-1db42375143d___RS_HL 5402.JPG,train/Soybean___healthy/9b1e612f-1a8b-4101-86d7-82cd24d2f535___RS_HL 6295.JPG,4,0.08385828137397766,0.846874262707891,False
Soybean___healthy,train/Soybean___healthy/7adac6f5-49f5-4cda-8425-e15d7d821b88___RS_HL 4395.JPG,train/Soybean___healthy/a7711242-c374-4156-a8ba-d1ad73d38f8e___RS_HL 3713.JPG,4,0.1135314553976059,0.7616743898618038,False
Soybean___healthy,train/Soybean___healthy/7b64faa5-f959-4121-9f7e-3b541ac56814___RS_HL 5404.JPG,train/Soybean___healthy/bd6b281b-11a7-4a04-91b8-aecf20b07fb9___RS_HL 7362.JPG,4,0.10611028969287872,0.7644651811150567,False
Soybean___healthy,train/Soybean___healthy/7bda9cfd-61be-466e-b38f-f0d52f1658ad___RS_HL 6034.JPG,val/Soybean___healthy/ec19cdd9-d9a4-46bf-994d-fc5e609a0e84___RS_HL 6036.JPG,4,0.08021940290927887,0.8342017893487392,False
Soybean___healthy,train/Soybean___healthy/7bf4e930-96fe-485c-b60d-205a24bb022d___RS_HL 5382.JPG,train/Soybean___healthy/f4fd0042-6947-4a0d-b652-935b59b07b1f___RS_HL 4675.JPG,4,0.1066003367304802,0.8757227642583075,False
Soybean___healthy,train/Soybean___healthy/7bfe5a47-116a-420f-8424-63e4e97e0d0f___RS_HL 6599.JPG,train/Soybean___healthy/f07d4c33-326c-4b7f-b566-70907da5f492___RS_HL 6600.JPG,4,0.07697737962007523,0.8182425572990145,False
Soybean___healthy,train/Soybean___healthy/7c098475-8bec-4582-876b-c44945629b6d___RS_HL 5184.JPG,train/Soybean___healthy/7ca2e5e5-92d1-4692-a9d7-924a3791ed61___RS_HL 3452.JPG,4,0.08845004439353943,0.7456123655028649,False
Soybean___healthy,train/Soybean___healthy/7c098475-8bec-4582-876b-c44945629b6d___RS_HL 5184.JPG,train/Soybean___healthy/c642c062-ebf4-4afd-b286-983a7e601347___RS_HL 3925.JPG,4,0.08779872208833694,0.8526247841094464,False
Soybean___healthy,train/Soybean___healthy/7c098475-8bec-4582-876b-c44945629b6d___RS_HL 5184.JPG,train/Soybean___healthy/cf618584-36d1-4c0b-86e7-6488da883d50___RS_HL 3475.JPG,4,0.08291419595479965,0.8291395374476753,False
Soybean___healthy,train/Soybean___healthy/7c098475-8bec-4582-876b-c44945629b6d___RS_HL 5184.JPG,val/Soybean___healthy/ba7af1cf-c424-4e43-8611-c70b0c057ce0___RS_HL 4074.JPG,4,0.09324463456869125,0.7719178702513054,False
Soybean___healthy,train/Soybean___healthy/7c19f25e-5943-4f43-9e1f-ea5c3c9392d9___RS_HL 5349.JPG,train/Soybean___healthy/840e8048-75f2-4052-95e6-c3ea28bf92f0___RS_HL 3851.JPG,4,0.12215682864189148,0.8258662269300239,False
Soybean___healthy,train/Soybean___healthy/7c243bed-020a-472b-b1f6-6ba89f52ef99___RS_HL 4246.JPG,val/Soybean___healthy/cb9db845-5c66-4ace-a165-35e7e10ed2a7___RS_HL 5233.JPG,4,0.06747713685035706,0.8508884686311617,False
Soybean___healthy,train/Soybean___healthy/7ca2e5e5-92d1-4692-a9d7-924a3791ed61___RS_HL 3452.JPG,train/Soybean___healthy/a7aa7f74-407f-44e3-864b-7db088ebb094___RS_HL 5023.JPG,4,0.08638032525777817,0.8000887262553541,False
Soybean___healthy,train/Soybean___healthy/7ca2e5e5-92d1-4692-a9d7-924a3791ed61___RS_HL 3452.JPG,train/Soybean___healthy/b844568d-8ed2-41fd-a3e9-f23637487a6b___RS_HL 3125.JPG,4,0.12876653671264648,0.5817516220382344,False
Soybean___healthy,train/Soybean___healthy/7ca2e5e5-92d1-4692-a9d7-924a3791ed61___RS_HL 3452.JPG,train/Soybean___healthy/ecaa6e95-2748-4b58-bd8c-6c33a7639366___RS_HL 4499.JPG,4,0.07630676031112671,0.7856452902086976,False
Soybean___healthy,train/Soybean___healthy/7ca2e5e5-92d1-4692-a9d7-924a3791ed61___RS_HL 3452.JPG,val/Soybean___healthy/a39f174d-6ff4-4dc4-a1fb-9c4ee0e7a92b___RS_HL 5389.JPG,2,0.10545414686203003,0.7919159972283912,False
Soybean___healthy,train/Soybean___healthy/7ca2e5e5-92d1-4692-a9d7-924a3791ed61___RS_HL 3452.JPG,val/Soybean___healthy/ba7af1cf-c424-4e43-8611-c70b0c057ce0___RS_HL 4074.JPG,4,0.08670669049024582,0.7832153921471603,False
Soybean___healthy,train/Soybean___healthy/7cc4e8b3-a174-4b3a-b461-8e15c306e5cf___RS_HL 2734.JPG,val/Soybean___healthy/8a9075ee-ed68-48a9-9b09-223fcd0c0b13___RS_HL 4453.JPG,4,0.09440317749977112,0.7465326534746962,False
Soybean___healthy,train/Soybean___healthy/7d608768-bebf-485c-8123-6b221aa5c2fb___RS_HL 5844.JPG,val/Soybean___healthy/04bc7e4f-8fea-40cd-a4d3-4c83c823c526___RS_HL 6072.JPG,4,0.09034458547830582,0.7523967473886316,False
Soybean___healthy,train/Soybean___healthy/7d608768-bebf-485c-8123-6b221aa5c2fb___RS_HL 5844.JPG,val/Soybean___healthy/aa96ebc3-9511-406f-9813-385a002dfba7___RS_HL 5679.JPG,4,0.08387842029333115,0.7326289648916651,False
Soybean___healthy,train/Soybean___healthy/7d990733-3277-4d24-809d-244dfef39f3d___RS_HL 3115.JPG,train/Soybean___healthy/fa38d240-b439-4fc5-9e19-10df684897c5___RS_HL 5102.JPG,4,0.08380905538797379,0.8037654424143276,False
Soybean___healthy,train/Soybean___healthy/7d990733-3277-4d24-809d-244dfef39f3d___RS_HL 3115.JPG,train/Soybean___healthy/fe7c74c4-5794-489f-ba63-cc8cf9e55d72___RS_HL 4436.JPG,4,0.10918663442134857,0.8089005275129546,False
Soybean___healthy,train/Soybean___healthy/7df90201-f50b-434c-b474-bf3320075420___RS_HL 6706.JPG,train/Soybean___healthy/f43716bd-636f-4f02-b5b8-7b94f26822cb___RS_HL 5084.JPG,4,0.10392823070287704,0.8046334080092855,False
Soybean___healthy,train/Soybean___healthy/7e04c82b-7ed9-420d-8dee-9215751db2a1___RS_HL 4824.JPG,val/Soybean___healthy/e9c46009-365d-4b82-8254-f31aaa6af0e7___RS_HL 5086.JPG,4,0.11059964448213577,0.6982116243746508,False
Soybean___healthy,train/Soybean___healthy/7e3d7992-e944-4955-a240-467bbc9404c5___RS_HL 5361.JPG,train/Soybean___healthy/bae32d39-98e3-4359-90ed-6f7acbc185d5___RS_HL 3047.JPG,4,0.14442288875579834,0.7927227873046332,False
Soybean___healthy,train/Soybean___healthy/7e5af35a-ba68-4a98-a74a-fb70dcda640e___RS_HL 5651 1.JPG,train/Soybean___healthy/d8634477-baca-4b5b-8d79-dd673e49c2f6___RS_HL 5462.JPG,4,0.10125470906496048,0.8091017589466326,False
Soybean___healthy,train/Soybean___healthy/7f55e60d-8539-44b1-81fa-1e61763d9ab0___RS_HL 4567.JPG,train/Soybean___healthy/93def263-06bf-404d-bdc6-2f4f4965067e___RS_HL 4365.JPG,4,0.08928192406892776,0.8220482263939399,False
Soybean___healthy,train/Soybean___healthy/7f6f8b53-656d-4a35-bce9-9372f1274598___RS_HL 6647.JPG,val/Soybean___healthy/aa96ebc3-9511-406f-9813-385a002dfba7___RS_HL 5679.JPG,4,0.09422005712985992,0.6976144379993466,False
Soybean___healthy,train/Soybean___healthy/7fe99f3e-79cd-417c-8e66-7e5aad5f420e___RS_HL 6268.JPG,train/Soybean___healthy/a853bc5c-405d-4dbf-b109-e1eef08ba983___RS_HL 6964.JPG,4,0.09935235977172852,0.8386413248056049,False
Soybean___healthy,train/Soybean___healthy/7fe99f3e-79cd-417c-8e66-7e5aad5f420e___RS_HL 6268.JPG,train/Soybean___healthy/d6bc2d7c-4c6a-4335-a1ba-2fa6bde68a51___RS_HL 5948.JPG,4,0.09295626729726791,0.7706177459983965,False
Soybean___healthy,train/Soybean___healthy/7fe99f3e-79cd-417c-8e66-7e5aad5f420e___RS_HL 6268.JPG,train/Soybean___healthy/df6b4dc4-bf3a-44ae-96a2-0137eec1b907___RS_HL 7073.JPG,4,0.10434339940547943,0.7251647926956708,False
Soybean___healthy,train/Soybean___healthy/802dcff5-c90d-4f14-925e-5d7abec31d9c___RS_HL 4916.JPG,train/Soybean___healthy/d6498a4d-1725-4a1b-b327-5e89fa566b94___RS_HL 5637 1.JPG,4,0.10774938017129898,0.717738864882583,False
Soybean___healthy,train/Soybean___healthy/802f93ba-1a07-457f-a118-19b5450f81f3___RS_HL 4817.JPG,train/Soybean___healthy/b9c99b24-2427-495d-b3b4-6c398a514cee___RS_HL 4753.JPG,4,0.07680164277553558,0.853227249047469,False
Soybean___healthy,train/Soybean___healthy/81b414a0-bf21-4a1a-86b4-1aed66212740___RS_HL 5006.JPG,train/Soybean___healthy/9cbdadf8-57a6-45e9-977e-f6f124260297___RS_HL 4547.JPG,4,0.22804924845695496,0.8464050021533324,False
Soybean___healthy,train/Soybean___healthy/81b414a0-bf21-4a1a-86b4-1aed66212740___RS_HL 5006.JPG,train/Soybean___healthy/e6dfa315-08c3-4c1b-acf9-fb0d0559c58e___RS_HL 4200.JPG,4,0.1254289299249649,0.7790244899405772,False
Soybean___healthy,train/Soybean___healthy/81b414a0-bf21-4a1a-86b4-1aed66212740___RS_HL 5006.JPG,val/Soybean___healthy/a19c094b-6696-4bb5-8169-783fdaf3fa8e___RS_HL 4478.JPG,4,0.11122117936611176,0.8729020994481694,False
Soybean___healthy,train/Soybean___healthy/8246ed25-470a-444a-baf8-31965822556b___RS_HL 5653.JPG,train/Soybean___healthy/af9bfdcc-70a3-49c5-a493-741299638380___RS_HL 5654.JPG,4,0.08101128786802292,0.7727552481327549,False
Soybean___healthy,train/Soybean___healthy/8301ef4a-4e67-44db-84a6-50147c7498eb___RS_HL 2887.JPG,val/Soybean___healthy/8a9075ee-ed68-48a9-9b09-223fcd0c0b13___RS_HL 4453.JPG,4,0.12180720269680023,0.713825823432853,False
Soybean___healthy,train/Soybean___healthy/8302f802-cee2-4e90-a54f-91b781656e03___RS_HL 6407.JPG,train/Soybean___healthy/bc1462a9-c2e3-44d1-8c3d-f2d9edb3ba53___RS_HL 6683.JPG,4,0.11301828175783157,0.764285446383331,False
Soybean___healthy,train/Soybean___healthy/83df65e0-72d2-4d4a-9d7d-056dcb8a22aa___RS_HL 6709.JPG,train/Soybean___healthy/ed1c954a-2d5f-42aa-bdc3-a644184a326e___RS_HL 6321.JPG,4,0.10987810045480728,0.8467516859964541,False
Soybean___healthy,train/Soybean___healthy/83df65e0-72d2-4d4a-9d7d-056dcb8a22aa___RS_HL 6709.JPG,train/Soybean___healthy/f21f5422-6f59-4a2a-b385-b88646b64635___RS_HL 6708.JPG,4,0.04766475781798363,0.904679258331872,True
Soybean___healthy,train/Soybean___healthy/840e8048-75f2-4052-95e6-c3ea28bf92f0___RS_HL 3851.JPG,train/Soybean___healthy/9b0e90ff-549b-4a4e-99af-f2b0319408db___RS_HL 3628.JPG,4,0.08546503633260727,0.8296013575212087,False
Soybean___healthy,train/Soybean___healthy/842b41f5-ae0c-4f52-a686-a26d7bb94849___RS_HL 5565 1.JPG,train/Soybean___healthy/a7da66ee-5bb5-4227-a962-61f6bd913005___RS_HL 3771.JPG,4,0.1166531965136528,0.7811651322563065,False
Soybean___healthy,train/Soybean___healthy/86408366-c846-4f1b-8088-21b9fe7ef69f___RS_HL 3908.JPG,train/Soybean___healthy/c162ce9e-ec88-4728-b07c-319f5565fdd1___RS_HL 4842.JPG,4,0.1415235549211502,0.8254649749347971,False
Soybean___healthy,train/Soybean___healthy/86408366-c846-4f1b-8088-21b9fe7ef69f___RS_HL 3908.JPG,train/Soybean___healthy/e0f9d06d-375d-4bb0-aec5-f25c2c2505b7___RS_HL 4766.JPG,4,0.1195075586438179,0.8245346593212639,False
Soybean___healthy,train/Soybean___healthy/8697d736-f4c7-420d-a8de-8230c217b901___RS_HL 6947.JPG,val/Soybean___healthy/42082722-38c1-4ee6-b60c-8259452b0c45___RS_HL 6949.JPG,4,0.059343937784433365,0.8931599212395578,False
Soybean___healthy,train/Soybean___healthy/8709eeaf-2d9f-413b-a40f-ca5ed88e2b74___RS_HL 4997.JPG,train/Soybean___healthy/b7174c7a-1316-4850-92b5-a55fc8cd84bb___RS_HL 3670.JPG,4,0.08972389250993729,0.7503759584823166,False
Soybean___healthy,train/Soybean___healthy/880597df-c176-4521-a046-43f5afb99ea0___RS_HL 3838.JPG,val/Soybean___healthy/cf9ea9fa-b6c6-412a-9b65-eac52390b5ce___RS_HL 4612.JPG,4,0.07579046487808228,0.8547761730784483,False
Soybean___healthy,train/Soybean___healthy/8807e5ea-3854-4f19-bfa3-99b83f0d7a0f___RS_HL 5035.JPG,train/Soybean___healthy/b71c6688-52cd-4b2c-b3df-3fa35c3fcbdb___RS_HL 5282.JPG,4,0.07377493381500244,0.8728097325445789,False
Soybean___healthy,train/Soybean___healthy/881f9aa0-f506-447a-b13d-de55d06d042e___RS_HL 4749.JPG,train/Soybean___healthy/97eb9c15-be05-45f5-94bd-97d5673c906a___RS_HL 7228.JPG,4,0.10578150302171707,0.7320185175473961,False
Soybean___healthy,train/Soybean___healthy/881f9aa0-f506-447a-b13d-de55d06d042e___RS_HL 4749.JPG,train/Soybean___healthy/b7e1aa10-0274-4d70-9d6b-9f993b727192___RS_HL 5395.JPG,4,0.11480942368507385,0.7402941411528564,False
Soybean___healthy,train/Soybean___healthy/888e439a-f383-4b9f-9e4c-4e5ce9f54283___RS_HL 3609.JPG,train/Soybean___healthy/c132a970-158f-4077-9ec3-a92c8878ad43___RS_HL 3664.JPG,4,0.08125624060630798,0.8061549891962742,False
Soybean___healthy,train/Soybean___healthy/888e439a-f383-4b9f-9e4c-4e5ce9f54283___RS_HL 3609.JPG,val/Soybean___healthy/8a9075ee-ed68-48a9-9b09-223fcd0c0b13___RS_HL 4453.JPG,4,0.0867723748087883,0.7663555312686235,False
Soybean___healthy,train/Soybean___healthy/88bce59b-21d3-4c34-95f9-4f29ee574dc3___RS_HL 2693.JPG,val/Soybean___healthy/171ad2bd-ea4c-424c-acc4-643465a4d7cd___RS_HL 4995.JPG,4,0.19705797731876373,0.7378852045394424,False
Soybean___healthy,train/Soybean___healthy/88cc7d32-1afd-407b-adfa-9a6af90a5130___RS_HL 3525.JPG,train/Soybean___healthy/fae54d78-acec-407e-99ff-4f54a175fd6b___RS_HL 4938.JPG,4,0.07282447069883347,0.902507867327165,True
Soybean___healthy,train/Soybean___healthy/88de1f9e-f78a-4655-845b-428f5689db7f___RS_HL 5353.JPG,val/Soybean___healthy/c3498c7b-6fd4-46c3-91c6-efebebf326e1___RS_HL 4886.JPG,4,0.06107465550303459,0.8564116523452491,False
Soybean___healthy,train/Soybean___healthy/88e453de-57a7-4fd6-bfd8-65e09384b4e5___RS_HL 3650.JPG,train/Soybean___healthy/c734a02e-694c-4f03-b268-2611d73cee33___RS_HL 5186.JPG,4,0.13229578733444214,0.7441633009952958,False
Soybean___healthy,train/Soybean___healthy/88e453de-57a7-4fd6-bfd8-65e09384b4e5___RS_HL 3650.JPG,val/Soybean___healthy/fff606e6-7949-44cf-90d3-9507d2a97cfe___RS_HL 4083.JPG,4,0.16572032868862152,0.7294507679449547,False
Soybean___healthy,train/Soybean___healthy/8930b079-d921-4a3f-b174-514f754df6e5___RS_HL 4325.JPG,train/Soybean___healthy/8c831001-412b-43a9-963c-b613a0447447___RS_HL 3865.JPG,4,0.12833251059055328,0.7815400693737551,False
Soybean___healthy,train/Soybean___healthy/8930b079-d921-4a3f-b174-514f754df6e5___RS_HL 4325.JPG,train/Soybean___healthy/e8e92d6f-0840-468f-a2af-d5fd89daa945___RS_HL 4611.JPG,4,0.09095562994480133,0.8853355144585681,False
Soybean___healthy,train/Soybean___healthy/89668bf2-b5ff-4b14-9f77-25928240be1a___RS_HL 3070.JPG,train/Soybean___healthy/9517b201-9852-4456-a2af-ad45944d45cf___RS_HL 3777.JPG,4,0.08672159165143967,0.7974271100263911,False
Soybean___healthy,train/Soybean___healthy/89ba2d1f-0264-4416-a9d7-2e1ad8182bc3___RS_HL 2835.JPG,train/Soybean___healthy/a120db53-30b2-4e03-98fb-653f9cdea119___RS_HL 5633 1.JPG,4,0.11241674423217773,0.8018955648231035,False
Soybean___healthy,train/Soybean___healthy/89d6848c-4bd8-425a-9988-2b076f596093___RS_HL 3835.JPG,train/Soybean___healthy/bc43ac1e-c679-42bc-90c7-b1374b73775a___RS_HL 3666.JPG,4,0.10763505846261978,0.8026249600898409,False
Soybean___healthy,train/Soybean___healthy/8a97850d-1861-4a69-9f44-5a53c3dea596___RS_HL 6132.JPG,train/Soybean___healthy/910ad222-33ca-4128-aaa0-7161653e5732___RS_HL 3054.JPG,4,0.16701090335845947,0.7291728415425349,False
Soybean___healthy,train/Soybean___healthy/8a97850d-1861-4a69-9f44-5a53c3dea596___RS_HL 6132.JPG,train/Soybean___healthy/b09ab269-e19c-4f53-80fe-ee7552d13a61___RS_HL 5502.JPG,4,0.18369586765766144,0.7979227944218465,False
Soybean___healthy,train/Soybean___healthy/8a97850d-1861-4a69-9f44-5a53c3dea596___RS_HL 6132.JPG,train/Soybean___healthy/b8be4887-50a7-4d7d-bed7-97c1912d9d8c___RS_HL 5069.JPG,4,0.13989679515361786,0.7395385070405334,False
Soybean___healthy,train/Soybean___healthy/8a97850d-1861-4a69-9f44-5a53c3dea596___RS_HL 6132.JPG,train/Soybean___healthy/cd5fbde6-c830-4cb6-a90a-761bf6520013___RS_HL 5612 1.JPG,4,0.1478063017129898,0.7370758008978733,False
Soybean___healthy,train/Soybean___healthy/8add68a5-965e-45b1-85d3-0baf4e9e4e74___RS_HL 2899.JPG,train/Soybean___healthy/a8e49f7b-fd02-4620-a80d-035b239f811e___RS_HL 4663.JPG,4,0.09635715186595917,0.691644969446603,False
Soybean___healthy,train/Soybean___healthy/8add68a5-965e-45b1-85d3-0baf4e9e4e74___RS_HL 2899.JPG,train/Soybean___healthy/b25561af-8ae8-49a6-ac2a-f6c1729b3638___RS_HL 4582.JPG,4,0.0994022861123085,0.6694997334878465,False
Soybean___healthy,train/Soybean___healthy/8bcdda51-7288-4e0f-a207-ea6587d2ca16___RS_HL 4746.JPG,train/Soybean___healthy/b86d7257-5705-432b-951d-56a0c43f87a0___RS_HL 4973.JPG,4,0.19489209353923798,0.7704283964508651,False
Soybean___healthy,train/Soybean___healthy/8c32c2a4-73b9-4b32-a514-e06a12f7dfe1___RS_HL 6299.JPG,train/Soybean___healthy/e27346d4-b54b-412e-9d1d-d40d0672ef91___RS_HL 5946.JPG,4,0.09331994503736496,0.7615880373814077,False
Soybean___healthy,train/Soybean___healthy/8c76beff-437e-4c5a-8c6a-eed877004255___RS_HL 5331.JPG,train/Soybean___healthy/98a539a4-6cc9-4fe2-a240-84a658825869___RS_HL 4625.JPG,4,0.08591311424970627,0.7897005750212006,False
Soybean___healthy,train/Soybean___healthy/8c76beff-437e-4c5a-8c6a-eed877004255___RS_HL 5331.JPG,train/Soybean___healthy/b23bc2ab-d7f6-47dc-a0d4-03beaa7cb1a7___RS_HL 4226.JPG,4,0.09933122992515564,0.8555913579690054,False
Soybean___healthy,train/Soybean___healthy/8c76beff-437e-4c5a-8c6a-eed877004255___RS_HL 5331.JPG,train/Soybean___healthy/eb6d0eee-eea7-45ea-9855-1282cdd263e3___RS_HL 3819.JPG,4,0.0800647884607315,0.8134327344789584,False
Soybean___healthy,train/Soybean___healthy/8c76beff-437e-4c5a-8c6a-eed877004255___RS_HL 5331.JPG,val/Soybean___healthy/3e43261a-8265-4e65-a2dd-feda13a307fe___RS_HL 4448.JPG,4,0.0830707922577858,0.8592755284158452,False
Soybean___healthy,train/Soybean___healthy/8c778a8f-30c1-458d-9b59-12481f87023c___RS_HL 4691.JPG,val/Soybean___healthy/0e26c0d3-9869-4e68-a285-c7c051a6a4ed___RS_HL 5559 1.JPG,4,0.09360022097826004,0.863748103738294,False
Soybean___healthy,train/Soybean___healthy/8c778a8f-30c1-458d-9b59-12481f87023c___RS_HL 4691.JPG,val/Soybean___healthy/d368f087-3644-4c26-8837-2be13a3105e9___RS_HL 4500.JPG,4,0.06698325276374817,0.8778220049303115,False
Soybean___healthy,train/Soybean___healthy/8cf93314-47e2-4ea6-b161-03e12e957fe5___RS_HL 5601.JPG,train/Soybean___healthy/900dd919-0cd2-4fc8-98e7-d414bd1482f9___RS_HL 5604.JPG,2,0.0542452409863472,0.8972370285897832,False
Soybean___healthy,train/Soybean___healthy/8d1ba553-daa1-4568-9e4f-01fc303c4015___RS_HL 4617.JPG,train/Soybean___healthy/a2cc5487-faa8-4849-9e18-3c3bed7cf779___RS_HL 2962.JPG,4,0.1019253209233284,0.8351766308772257,False
Soybean___healthy,train/Soybean___healthy/8d1ba553-daa1-4568-9e4f-01fc303c4015___RS_HL 4617.JPG,val/Soybean___healthy/1ba63a9d-673b-47f1-8440-a03fa8bd2332___RS_HL 4501.JPG,4,0.12169813364744186,0.8274899627923519,False
Soybean___healthy,train/Soybean___healthy/8d1d02ae-5565-451b-8fce-fb922ad21eea___RS_HL 3355.JPG,train/Soybean___healthy/bac89c58-80d8-4b50-b263-7966ab9d90a0___RS_HL 4683.JPG,4,0.10052493959665298,0.8611282804311644,False
Soybean___healthy,train/Soybean___healthy/8dbe2747-b3a6-43ce-a7d3-353a202a2949___RS_HL 5943.JPG,train/Soybean___healthy/f9a54022-6065-43f6-8017-f178630158a7___RS_HL 5982.JPG,4,0.09271527826786041,0.6746629078067733,False
Soybean___healthy,train/Soybean___healthy/8dbe2747-b3a6-43ce-a7d3-353a202a2949___RS_HL 5943.JPG,val/Soybean___healthy/6f8693a0-9f00-4c8d-b57b-217dac181680___RS_HL 5860.JPG,4,0.08538050204515457,0.7169591294395398,False
Soybean___healthy,train/Soybean___healthy/8ddd3695-13df-4b8e-9319-87cb30f12372___RS_HL 4463.JPG,train/Soybean___healthy/a8da3165-bbd3-4f30-a1e3-a6c2ad168188___RS_HL 4234.JPG,4,0.16203972697257996,0.8626086206590875,False
Soybean___healthy,train/Soybean___healthy/8e68a593-9948-49d9-b8dd-005160fddd5c___RS_HL 6811.JPG,train/Soybean___healthy/adc5dd7c-cac5-47a9-9aec-db0d0cc7721f___RS_HL 6812.JPG,4,0.08936702460050583,0.7628949617665726,False
Soybean___healthy,train/Soybean___healthy/8e7209a0-c837-4b22-9e6a-fa46bc925bec___RS_HL 5730 1.JPG,train/Soybean___healthy/9898aa61-2804-4b30-a52c-bdf95cbdd013___RS_HL 4912.JPG,4,0.10255665332078934,0.7566092004330924,False
Soybean___healthy,train/Soybean___healthy/8e7209a0-c837-4b22-9e6a-fa46bc925bec___RS_HL 5730 1.JPG,train/Soybean___healthy/afa5ace9-4b20-4250-83f0-2b2a8bc8d2a8___RS_HL 4230.JPG,4,0.13674457371234894,0.8276382083255198,False
Soybean___healthy,train/Soybean___healthy/8f3d6483-25ab-40af-82c5-1ba4cfd78684___RS_HL 4694.JPG,val/Soybean___healthy/7310a63d-55f8-41f1-bba9-9bf3b0c2f447___RS_HL 4457.JPG,4,0.07253965735435486,0.8868074208582557,False
Soybean___healthy,train/Soybean___healthy/8fae852b-7284-43b7-a62b-abc61772d6f5___RS_HL 5468.JPG,train/Soybean___healthy/b7174c7a-1316-4850-92b5-a55fc8cd84bb___RS_HL 3670.JPG,4,0.09266833961009979,0.8101260842906446,False
Soybean___healthy,train/Soybean___healthy/8fce3359-1cb0-4b14-b4e2-7c1433b4f5da___RS_HL 3422.JPG,train/Soybean___healthy/b23bc2ab-d7f6-47dc-a0d4-03beaa7cb1a7___RS_HL 4226.JPG,4,0.12353678047657013,0.7877158596877638,False
Soybean___healthy,train/Soybean___healthy/8fce3359-1cb0-4b14-b4e2-7c1433b4f5da___RS_HL 3422.JPG,train/Soybean___healthy/ccc39144-2922-40ab-9b8c-2af9f4e9e836___RS_HL 4622.JPG,4,0.0955035611987114,0.7820262197528678,False
Soybean___healthy,train/Soybean___healthy/8fd25130-c307-4951-8ccb-33cb63c30cfc___RS_HL 6274.JPG,train/Soybean___healthy/e67b3438-c1bc-438d-aea3-10cf53b487bd___RS_HL 6273.JPG,4,0.06095309928059578,0.9335340438922515,True
Soybean___healthy,train/Soybean___healthy/90079800-1e58-4ffa-9dc3-10062656fd53___RS_HL 5569 1.JPG,train/Soybean___healthy/d4f02410-2c32-4c58-83dd-b3febe7446ad___RS_HL 5567 1.JPG,2,0.07056724280118942,0.85613482290083,False
Soybean___healthy,train/Soybean___healthy/9050f7a9-e83a-44a3-abf7-24aee0ca737a___RS_HL 3388.JPG,train/Soybean___healthy/b23bc2ab-d7f6-47dc-a0d4-03beaa7cb1a7___RS_HL 4226.JPG,4,0.08515142649412155,0.7756494978644316,False
Soybean___healthy,train/Soybean___healthy/9050f7a9-e83a-44a3-abf7-24aee0ca737a___RS_HL 3388.JPG,train/Soybean___healthy/ccc39144-2922-40ab-9b8c-2af9f4e9e836___RS_HL 4622.JPG,4,0.15102678537368774,0.7571565904788997,False
Soybean___healthy,train/Soybean___healthy/90c417d5-6d8b-45c8-b145-d3973ff396fe___RS_HL 5920.JPG,train/Soybean___healthy/b3a0d3e7-bab0-4729-b3b5-58f3784ec924___RS_HL 5921.JPG,4,0.08279590308666229,0.8907114821788377,False
Soybean___healthy,train/Soybean___healthy/910ad222-33ca-4128-aaa0-7161653e5732___RS_HL 3054.JPG,train/Soybean___healthy/b09ab269-e19c-4f53-80fe-ee7552d13a61___RS_HL 5502.JPG,4,0.09903251379728317,0.7946057026306705,False
Soybean___healthy,train/Soybean___healthy/910ad222-33ca-4128-aaa0-7161653e5732___RS_HL 3054.JPG,train/Soybean___healthy/b4b751f7-7fe1-4ac9-9d43-41c5c18c4f7a___RS_HL 3291.JPG,4,0.11040929704904556,0.7995384599320462,False
Soybean___healthy,train/Soybean___healthy/91b4b681-7fe9-4a91-87d4-eeaf83d95418___RS_HL 7024.JPG,train/Soybean___healthy/b22f2758-59c2-48dc-8933-da544082304c___RS_HL 6283.JPG,4,0.12420230358839035,0.8390847936606811,False
Soybean___healthy,train/Soybean___healthy/935369be-b082-4836-ba97-81f5f8e274b9___RS_HL 4247.JPG,val/Soybean___healthy/c55c20a5-c529-43af-949e-cfaad2377481___RS_HL 5454.JPG,4,0.10377433896064758,0.7757225301850459,False
Soybean___healthy,train/Soybean___healthy/93def263-06bf-404d-bdc6-2f4f4965067e___RS_HL 4365.JPG,train/Soybean___healthy/f4fd0042-6947-4a0d-b652-935b59b07b1f___RS_HL 4675.JPG,4,0.13660556077957153,0.8402464424670605,False
Soybean___healthy,train/Soybean___healthy/94667f5e-1d79-4406-b41a-b64d3cfb0ff8___RS_HL 5586 1.JPG,train/Soybean___healthy/fe1dd2f1-7456-4c7b-8801-66c45816ba7a___RS_HL 3912.JPG,4,0.11190427094697952,0.8369149322730287,False
Soybean___healthy,train/Soybean___healthy/951756c4-abb8-4562-a6e1-5c3cc189050c___RS_HL 3328.JPG,train/Soybean___healthy/d0e555d9-22c5-45f2-bbc0-0e87d6190741___RS_HL 3368.JPG,4,0.11191052198410034,0.835770661675531,False
Soybean___healthy,train/Soybean___healthy/951756c4-abb8-4562-a6e1-5c3cc189050c___RS_HL 3328.JPG,val/Soybean___healthy/b34093d1-010b-4fd1-b95c-ab3d9c7b7f4c___RS_HL 3743.JPG,4,0.09933462738990784,0.850498129488143,False
Soybean___healthy,train/Soybean___healthy/9517b201-9852-4456-a2af-ad45944d45cf___RS_HL 3777.JPG,train/Soybean___healthy/bee17ace-696f-42e9-9f59-b16b13d2e537___RS_HL 3096.JPG,4,0.10913344472646713,0.684334794526062,False
Soybean___healthy,train/Soybean___healthy/95264d3e-f5fd-4172-b7f2-8248aca64fde___RS_HL 5964.JPG,train/Soybean___healthy/a81ef3a0-803f-40b5-aa4f-8f8ce70cba16___RS_HL 5963.JPG,4,0.08727022260427475,0.7781306568681124,False
Soybean___healthy,train/Soybean___healthy/95841526-273c-4161-8de1-20c69d6650ba___RS_HL 5833.JPG,train/Soybean___healthy/eb680077-f114-40a6-9a8f-6564043ab31d___RS_HL 6925.JPG,4,0.0995132103562355,0.7450783684316141,False
Soybean___healthy,train/Soybean___healthy/95841526-273c-4161-8de1-20c69d6650ba___RS_HL 5833.JPG,val/Soybean___healthy/6bfa1286-a35f-4dde-a61a-959fea14cf11___RS_HL 5847.JPG,2,0.07150252908468246,0.7904090511092243,False
Soybean___healthy,train/Soybean___healthy/959d5089-9f15-4ecc-afae-d9cbe63554d3___RS_HL 5028.JPG,val/Soybean___healthy/ec918f50-f286-46b0-8210-d2b7bb8780e0___RS_HL 7056.JPG,4,0.09372035413980484,0.8105054453112057,False
Soybean___healthy,train/Soybean___healthy/95d81449-9f6f-46c9-a613-974385857d07___RS_HL 6344.JPG,val/Soybean___healthy/e499bda7-12bd-4729-a5c7-9e51361d8ad8___RS_HL 6670.JPG,4,0.09158624708652496,0.7899182737988896,False
Soybean___healthy,train/Soybean___healthy/964186af-88bb-4eba-b88b-eb961fc04786___RS_HL 5345.JPG,val/Soybean___healthy/3e33f778-45c7-47a7-86b9-909e967cf585___RS_HL 5058.JPG,4,0.12934523820877075,0.7997073188347757,False
Soybean___healthy,train/Soybean___healthy/964186af-88bb-4eba-b88b-eb961fc04786___RS_HL 5345.JPG,val/Soybean___healthy/68947ab4-60ac-4261-b1c9-42644c8a78d5___RS_HL 4193.JPG,4,0.11916033178567886,0.7730631710786868,False
Soybean___healthy,train/Soybean___healthy/964186af-88bb-4eba-b88b-eb961fc04786___RS_HL 5345.JPG,val/Soybean___healthy/c01dec35-4a1c-4c3b-95e9-e2a727978136___RS_HL 5450.JPG,2,0.1031096801161766,0.8505673006658779,False
Soybean___healthy,train/Soybean___healthy/964186af-88bb-4eba-b88b-eb961fc04786___RS_HL 5345.JPG,val/Soybean___healthy/c20faf5e-7487-4a7f-9579-767b9ade0164___RS_HL 4232.JPG,4,0.08195267617702484,0.8120951064951704,False
Soybean___healthy,train/Soybean___healthy/964c587c-ab35-4cb1-ab5d-af34c46e4464___RS_HL 3165.JPG,train/Soybean___healthy/f33280af-bb4d-441f-9b4c-fa6162d9223d___RS_HL 4856.JPG,4,0.07444101572036743,0.7998596369603616,False
Soybean___healthy,train/Soybean___healthy/967f0803-9cbb-4e64-be3c-f32e073baf24___RS_HL 3066.JPG,val/Soybean___healthy/3ea02aab-ecd4-4017-8e01-e96a68e876e5___RS_HL 4476.JPG,4,0.08828607201576233,0.7989737895177957,False
Soybean___healthy,train/Soybean___healthy/96ed0cac-7163-49ef-a9b0-26bda3a71ad0___RS_HL 5458.JPG,train/Soybean___healthy/cf7944eb-68cb-4d2e-ac24-4827ac0460cb___RS_HL 4067.JPG,4,0.11454121023416519,0.7520893451739942,False
Soybean___healthy,train/Soybean___healthy/96ed0cac-7163-49ef-a9b0-26bda3a71ad0___RS_HL 5458.JPG,train/Soybean___healthy/e4f3e915-6e2e-4ceb-9cab-37ca1bef4801___RS_HL 3018.JPG,4,0.11119692772626877,0.7547811989019518,False
Soybean___healthy,train/Soybean___healthy/9732b287-2175-4eb0-ba41-1c3d9b6c8891___RS_HL 4692.JPG,train/Soybean___healthy/e9a290dd-0101-41dd-b732-7f1862b52840___RS_HL 6085.JPG,2,0.09238181263208389,0.8410029848961047,False
Soybean___healthy,train/Soybean___healthy/9732b287-2175-4eb0-ba41-1c3d9b6c8891___RS_HL 4692.JPG,train/Soybean___healthy/f61cc5fe-968b-4a9e-881d-e2325b4a3b63___RS_HL 6086.JPG,4,0.10141158103942871,0.8619192125417503,False
Soybean___healthy,train/Soybean___healthy/97ab059b-2bb2-4312-9b90-b0fd86aacc51___RS_HL 3894.JPG,train/Soybean___healthy/d77fcd13-0796-41bb-87db-38b172d67c34___RS_HL 5544 1.JPG,4,0.11116331070661545,0.8168725753658682,False
Soybean___healthy,train/Soybean___healthy/97d5eac5-a52b-4918-a31d-a0e1371780f4___RS_HL 4488.JPG,train/Soybean___healthy/dd2c720e-a184-4d25-a72e-752869d405c7___RS_HL 4461.JPG,4,0.11129125207662582,0.808948991166037,False
Soybean___healthy,train/Soybean___healthy/97d5eac5-a52b-4918-a31d-a0e1371780f4___RS_HL 4488.JPG,train/Soybean___healthy/f6a7be0a-3c5a-41ca-829b-5e1d27e169e2___RS_HL 4859.JPG,4,0.15613509714603424,0.8403222812745833,False
Soybean___healthy,train/Soybean___healthy/986a26d5-8dca-4a5e-b782-9a9f4021ddfb___RS_HL 5206.JPG,train/Soybean___healthy/b7089d25-1938-4d6e-82f8-6f504c3e26ba___RS_HL 5200.JPG,4,0.06814420968294144,0.8678291898975077,False
Soybean___healthy,train/Soybean___healthy/986a26d5-8dca-4a5e-b782-9a9f4021ddfb___RS_HL 5206.JPG,train/Soybean___healthy/e0e643d4-9d0c-4c19-b8ce-43ca6b3e95d5___RS_HL 7260.JPG,4,0.09929307550191879,0.8050190504837161,False
Soybean___healthy,train/Soybean___healthy/986a26d5-8dca-4a5e-b782-9a9f4021ddfb___RS_HL 5206.JPG,val/Soybean___healthy/185fee87-55c5-4965-81dc-ed31a238b970___RS_HL 4926.JPG,4,0.07255285233259201,0.8461587937923747,False
Soybean___healthy,train/Soybean___healthy/9881cb89-fe2a-4007-b811-68e54cc7a475___RS_HL 7095.JPG,train/Soybean___healthy/f4ba6048-1d59-4e65-8a84-a92cbf0c2a12___RS_HL 7094.JPG,4,0.09615688025951385,0.8385728786507369,False
Soybean___healthy,train/Soybean___healthy/98d508a8-53fb-483a-95ad-ddf7bda3fa8d___RS_HL 4602.JPG,train/Soybean___healthy/f3c57be2-18c4-4750-9400-251b0fd52670___RS_HL 4756.JPG,4,0.12047873437404633,0.828883350982338,False
Soybean___healthy,train/Soybean___healthy/99525cf7-be2d-4810-9728-18d82059f50b___RS_HL 4707.JPG,train/Soybean___healthy/99ed9340-7586-46a7-93a4-5c5c740e1cef___RS_HL 4040.JPG,4,0.0796375647187233,0.8794246419550302,False
Soybean___healthy,train/Soybean___healthy/99ed9340-7586-46a7-93a4-5c5c740e1cef___RS_HL 4040.JPG,train/Soybean___healthy/cf26126c-9f74-4388-989c-dc7f2b9edb9d___RS_HL 4280.JPG,4,0.055673565715551376,0.8902025133793093,False
Soybean___healthy,train/Soybean___healthy/9a20879c-c498-4585-800f-826c2e61c6fe___RS_HL 7001.JPG,val/Soybean___healthy/3c845900-ab47-4ee0-81d0-796ab7c42735___RS_HL 6810.JPG,4,0.0875120535492897,0.7501573681628513,False
Soybean___healthy,train/Soybean___healthy/9a20879c-c498-4585-800f-826c2e61c6fe___RS_HL 7001.JPG,val/Soybean___healthy/4037ecb4-ca1e-43d8-814a-3e2989e68ecc___RS_HL 6887.JPG,4,0.08845458179712296,0.7708922217597536,False
Soybean___healthy,train/Soybean___healthy/9aa4cb36-c05d-465b-8607-c224c97d13e1___RS_HL 5375.JPG,val/Soybean___healthy/c858b001-5d04-4f38-85c6-0ea292527087___RS_HL 4559.JPG,4,0.05407503619790077,0.9283203795430173,True
Soybean___healthy,train/Soybean___healthy/9aa57fb1-88fc-407b-a655-0a5601e35404___RS_HL 5697 1.JPG,train/Soybean___healthy/d82310dd-286f-4980-b432-1468bdb71013___RS_HL 5579 1.JPG,4,0.0640430673956871,0.8895750818142967,False
Soybean___healthy,train/Soybean___healthy/9aa57fb1-88fc-407b-a655-0a5601e35404___RS_HL 5697 1.JPG,val/Soybean___healthy/7c3dcc42-416a-4e07-ab14-354cbf0d2ae2___RS_HL 3817.JPG,4,0.07822088152170181,0.8066275751431957,False
Soybean___healthy,train/Soybean___healthy/9bef533f-4670-4c29-8fad-2d49eb53a60a___RS_HL 2846.JPG,val/Soybean___healthy/a96cd6ee-0449-46d7-85d3-772c8b5789d6___RS_HL 4581.JPG,4,0.11558443307876587,0.7389216742463619,False
Soybean___healthy,train/Soybean___healthy/9c8de7b9-7618-4274-8f0f-3efd16984267___RS_HL 6803.JPG,train/Soybean___healthy/f7800cef-542e-4c6d-8c69-78fb88ccc276___RS_HL 6417.JPG,4,0.11813044548034668,0.7032302230681579,False
Soybean___healthy,train/Soybean___healthy/9cb7de78-0f98-4fa4-bbf5-ab2a1f6daef3___RS_HL 4913.JPG,train/Soybean___healthy/a7da66ee-5bb5-4227-a962-61f6bd913005___RS_HL 3771.JPG,4,0.09866061061620712,0.7740174775460933,False
Soybean___healthy,train/Soybean___healthy/9cbdadf8-57a6-45e9-977e-f6f124260297___RS_HL 4547.JPG,val/Soybean___healthy/a19c094b-6696-4bb5-8169-783fdaf3fa8e___RS_HL 4478.JPG,4,0.13658173382282257,0.9194321732258911,False
Soybean___healthy,train/Soybean___healthy/9d2cc46f-421b-4813-99e8-bf81f21c15e6___RS_HL 2907.JPG,val/Soybean___healthy/f3bb5186-980e-47f6-bc70-202dc51bd0f4___RS_HL 4489.JPG,2,0.16144046187400818,0.7356234731894965,False
Soybean___healthy,train/Soybean___healthy/9d658393-93ae-4a80-9bb7-13d77fdf6061___RS_HL 3519.JPG,train/Soybean___healthy/e7ba78f5-d6e6-4270-868e-36131a28c109___RS_HL 4227.JPG,4,0.13176430761814117,0.7852568363275693,False
Soybean___healthy,train/Soybean___healthy/9e1987ae-31e9-4e8e-bdcb-0f4dab1f4b92___RS_HL 5513.JPG,train/Soybean___healthy/c3cbaac6-5596-4bce-a0ea-ff149ef5bd5c___RS_HL 4636.JPG,4,0.08984120935201645,0.7890535465740925,False
Soybean___healthy,train/Soybean___healthy/9e8a0da5-0c4e-46c2-a28e-777563faa9fa___RS_HL 5588 1.JPG,val/Soybean___healthy/18075112-de5a-402b-8957-bd94525bb362___RS_HL 3378.JPG,4,0.11450843513011932,0.8083827062932195,False
Soybean___healthy,train/Soybean___healthy/9f87e191-4b71-44c2-96b1-7d506be0d2d3___RS_HL 3825.JPG,train/Soybean___healthy/d6f57e64-f410-4349-a506-94b618bb4a25___RS_HL 5472.JPG,4,0.11914855986833572,0.8222201060037583,False
Soybean___healthy,train/Soybean___healthy/9ff2dbda-965c-48ed-9246-c9e5eaa1821a___RS_HL 6696.JPG,train/Soybean___healthy/d0805704-373d-466f-93a6-d2351c8ecd76___RS_HL 3011.JPG,4,0.14416657388210297,0.7938638280409541,False
Soybean___healthy,train/Soybean___healthy/a1997cb3-3465-4335-9726-0a16e71d1972___RS_HL 4241.JPG,train/Soybean___healthy/fbbd6e2f-fc81-4b10-9226-c100da7c0c6f___RS_HL 2776.JPG,4,0.09048968553543091,0.8008550697632266,False
Soybean___healthy,train/Soybean___healthy/a3a32405-c5d8-477f-ad36-e56f5d93b514___RS_HL 5690.JPG,train/Soybean___healthy/eb8cfd26-bc41-4a4a-ace8-dac9882ad396___RS_HL 5677.JPG,4,0.10938563197851181,0.7397215250290705,False
Soybean___healthy,train/Soybean___healthy/a45de092-310e-4c34-b886-67ee31c0df47___RS_HL 4101.JPG,train/Soybean___healthy/e6cea06d-3ebb-418d-b7ca-de748a13a5df___RS_HL 3804.JPG,4,0.11301302909851074,0.731387384816636,False
Soybean___healthy,train/Soybean___healthy/a48d2974-2ae2-46e9-a270-f738507c6289___RS_HL 3285.JPG,val/Soybean___healthy/cbc801ac-3bfb-48d4-a702-dc8e6f6ab656___RS_HL 4681.JPG,4,0.058695871382951736,0.8858880351279115,False
Soybean___healthy,train/Soybean___healthy/a62b55c5-82f2-4ffb-8614-da8372672498___RS_HL 3193.JPG,train/Soybean___healthy/e3596088-9f16-47a3-9af5-4d4c525de7be___RS_HL 3347.JPG,4,0.06720296293497086,0.893949768399701,False
Soybean___healthy,train/Soybean___healthy/a6b7a418-20b5-400b-89ba-52c11505d4c5___RS_HL 6684.JPG,val/Soybean___healthy/7b2bb24b-70fc-40fe-92f1-993a2484727b___RS_HL 5839.JPG,4,0.1348731368780136,0.7572268599711542,False
Soybean___healthy,train/Soybean___healthy/a747b147-0ca8-4973-9232-7ca47ea3c1eb___RS_HL 3228.JPG,val/Soybean___healthy/f4031ca8-3dd6-41b7-8aac-c329fa2dd0da___RS_HL 4865.JPG,4,0.09472103416919708,0.7690121287714999,False
Soybean___healthy,train/Soybean___healthy/a7aa7f74-407f-44e3-864b-7db088ebb094___RS_HL 5023.JPG,train/Soybean___healthy/f7fb9a56-8346-42f6-b5e4-15490350b649___RS_HL 4840.JPG,4,0.13396833837032318,0.8689337866989466,False
Soybean___healthy,train/Soybean___healthy/a7aa7f74-407f-44e3-864b-7db088ebb094___RS_HL 5023.JPG,val/Soybean___healthy/a39f174d-6ff4-4dc4-a1fb-9c4ee0e7a92b___RS_HL 5389.JPG,4,0.11779243499040604,0.7827909342016051,False
Soybean___healthy,train/Soybean___healthy/a7da66ee-5bb5-4227-a962-61f6bd913005___RS_HL 3771.JPG,train/Soybean___healthy/c2dd3f9e-8cf9-4de6-832e-27978763eeea___RS_HL 5431.JPG,4,0.0887511670589447,0.8113642116825419,False
Soybean___healthy,train/Soybean___healthy/a7da66ee-5bb5-4227-a962-61f6bd913005___RS_HL 3771.JPG,train/Soybean___healthy/ccc39144-2922-40ab-9b8c-2af9f4e9e836___RS_HL 4622.JPG,4,0.08624117821455002,0.7832323503572924,False
Soybean___healthy,train/Soybean___healthy/a7da66ee-5bb5-4227-a962-61f6bd913005___RS_HL 3771.JPG,train/Soybean___healthy/db8fc0e0-eeae-4cba-942c-6de6e3e5a134___RS_HL 5556 1.JPG,4,0.08385118842124939,0.7910678187518513,False
Soybean___healthy,train/Soybean___healthy/a821e906-0e8f-459e-bcbc-321ff0c21f3d___RS_HL 6490.JPG,train/Soybean___healthy/b1a2b2cc-1f8b-4700-a1a2-348f03f59482___RS_HL 6488.JPG,2,0.09472599625587463,0.730088862590978,False
Soybean___healthy,train/Soybean___healthy/a853bc5c-405d-4dbf-b109-e1eef08ba983___RS_HL 6964.JPG,train/Soybean___healthy/df6b4dc4-bf3a-44ae-96a2-0137eec1b907___RS_HL 7073.JPG,4,0.0793476551771164,0.7768486884886519,False
Soybean___healthy,train/Soybean___healthy/a8ad6135-8fbe-45f5-bc74-d53b01ca258d___RS_HL 3809.JPG,val/Soybean___healthy/739ea6bb-06d4-4c72-8195-549c64aa1f10___RS_HL 4744.JPG,4,0.11085891723632812,0.8315800630188198,False
Soybean___healthy,train/Soybean___healthy/a8e49f7b-fd02-4620-a80d-035b239f811e___RS_HL 4663.JPG,train/Soybean___healthy/b25561af-8ae8-49a6-ac2a-f6c1729b3638___RS_HL 4582.JPG,4,0.07279852032661438,0.8081754188939002,False
Soybean___healthy,train/Soybean___healthy/a8e49f7b-fd02-4620-a80d-035b239f811e___RS_HL 4663.JPG,train/Soybean___healthy/c3e1d866-47c6-4ed3-8c1a-c59328c60ba3___RS_HL 3631.JPG,4,0.06179974228143692,0.8254552376085385,False
Soybean___healthy,train/Soybean___healthy/a8e49f7b-fd02-4620-a80d-035b239f811e___RS_HL 4663.JPG,val/Soybean___healthy/dc49eeea-4d43-4705-9f69-aa7dee38226b___RS_HL 3140.JPG,4,0.07217598706483841,0.823796381726469,False
Soybean___healthy,train/Soybean___healthy/a908266b-af75-40a2-9d78-986c9b8f7d70___RS_HL 6139.JPG,train/Soybean___healthy/e3bf7310-7b54-4c47-9c2d-98f9f8291978___RS_HL 6866.JPG,4,0.07631910592317581,0.8059534908964923,False
Soybean___healthy,train/Soybean___healthy/a99084dd-d6e8-4701-8303-d9a1c9d941f4___RS_HL 6340.JPG,train/Soybean___healthy/f9a54022-6065-43f6-8017-f178630158a7___RS_HL 5982.JPG,4,0.09635388106107712,0.6750580445826856,False
Soybean___healthy,train/Soybean___healthy/aa0b5f1c-fd0b-43e2-b984-ffab983bd685___RS_HL 6088.JPG,val/Soybean___healthy/8557e416-c01e-4103-bcc5-005c4a36a753___RS_HL 6098.JPG,4,0.0675235167145729,0.747395922895683,False
Soybean___healthy,train/Soybean___healthy/aa41bf8a-dd9d-42bb-ae62-fff4c02523dc___RS_HL 7306.JPG,train/Soybean___healthy/cb14875a-e0a9-48e1-9747-0d35b4ddcad8___RS_HL 7304.JPG,2,0.05724131315946579,0.9463764179851165,True
Soybean___healthy,train/Soybean___healthy/aa41bf8a-dd9d-42bb-ae62-fff4c02523dc___RS_HL 7306.JPG,val/Soybean___healthy/1f15bd54-6576-4521-98f6-a12b8bd1c4e6___RS_HL 4585.JPG,4,0.13299858570098877,0.788204204354327,False
Soybean___healthy,train/Soybean___healthy/ab66a10b-a31d-4897-8b8d-368889e3f6f7___RS_HL 6135.JPG,train/Soybean___healthy/b09ab269-e19c-4f53-80fe-ee7552d13a61___RS_HL 5502.JPG,4,0.21795980632305145,0.7042650362555669,False
Soybean___healthy,train/Soybean___healthy/ab66a10b-a31d-4897-8b8d-368889e3f6f7___RS_HL 6135.JPG,train/Soybean___healthy/b23bc2ab-d7f6-47dc-a0d4-03beaa7cb1a7___RS_HL 4226.JPG,4,0.102724589407444,0.7622706803022503,False
Soybean___healthy,train/Soybean___healthy/ac52dcf9-6773-4002-a536-ad587c863252___RS_HL 6767.JPG,val/Soybean___healthy/9d8e41e8-d2c7-4d04-b29a-08c394fffd6f___RS_HL 6768.JPG,4,0.06622285395860672,0.8585639010409037,False
Soybean___healthy,train/Soybean___healthy/ad79ae0c-ab1a-43d8-9f62-5d67943a8acf___RS_HL 4702.JPG,train/Soybean___healthy/f3e61ff2-2d28-418c-aef2-cc5362eaaa57___RS_HL 5162.JPG,4,0.05570973455905914,0.8905961773263729,False
Soybean___healthy,train/Soybean___healthy/ae093106-e1d6-4383-b599-1d3a3ce9ca7c___RS_HL 4569.JPG,train/Soybean___healthy/e8e92d6f-0840-468f-a2af-d5fd89daa945___RS_HL 4611.JPG,4,0.08490405976772308,0.7956511015327911,False
Soybean___healthy,train/Soybean___healthy/aeeb787e-97c2-403a-941d-925e553909c8___RS_HL 6358.JPG,train/Soybean___healthy/b9718434-1c01-4624-8c23-3306cd0d5758___RS_HL 6357.JPG,4,0.07996351271867752,0.8569570855081862,False
Soybean___healthy,train/Soybean___healthy/af4a7e90-22a7-47e1-8e64-db36cb6aa17d___RS_HL 6529.JPG,val/Soybean___healthy/89444c12-2d69-4bb9-8533-0bf25cb93ef9___RS_HL 6527.JPG,4,0.1106705591082573,0.8540370099340102,False
Soybean___healthy,train/Soybean___healthy/afa5ace9-4b20-4250-83f0-2b2a8bc8d2a8___RS_HL 4230.JPG,val/Soybean___healthy/1de56755-4034-4806-8d54-907c3076757a___RS_HL 4361.JPG,4,0.07759168744087219,0.8224539347799426,False
Soybean___healthy,train/Soybean___healthy/afa5ace9-4b20-4250-83f0-2b2a8bc8d2a8___RS_HL 4230.JPG,val/Soybean___healthy/a522afba-a47b-453e-bb3e-bcd4f8d3a411___RS_HL 3253.JPG,4,0.08576445281505585,0.8521951059969483,False
Soybean___healthy,train/Soybean___healthy/b09ab269-e19c-4f53-80fe-ee7552d13a61___RS_HL 5502.JPG,train/Soybean___healthy/b23bc2ab-d7f6-47dc-a0d4-03beaa7cb1a7___RS_HL 4226.JPG,2,0.19638310372829437,0.8339886219908361,False
Soybean___healthy,train/Soybean___healthy/b09ab269-e19c-4f53-80fe-ee7552d13a61___RS_HL 5502.JPG,train/Soybean___healthy/ccc39144-2922-40ab-9b8c-2af9f4e9e836___RS_HL 4622.JPG,4,0.0874391496181488,0.7639607718393296,False
Soybean___healthy,train/Soybean___healthy/b09ab269-e19c-4f53-80fe-ee7552d13a61___RS_HL 5502.JPG,val/Soybean___healthy/3e43261a-8265-4e65-a2dd-feda13a307fe___RS_HL 4448.JPG,4,0.09402715414762497,0.7660565649294886,False
Soybean___healthy,train/Soybean___healthy/b0dacbcd-d641-413f-8f7b-0e34d9bae403___RS_HL 5391.JPG,train/Soybean___healthy/f84bd9bb-e705-4781-b83c-069cfd6f139c___RS_HL 5769 1.JPG,4,0.11679105460643768,0.6985388429094075,False
Soybean___healthy,train/Soybean___healthy/b0dacbcd-d641-413f-8f7b-0e34d9bae403___RS_HL 5391.JPG,val/Soybean___healthy/27a2656d-1dfc-46f0-a4c8-9c706b10e631___RS_HL 4759.JPG,4,0.10683919489383698,0.8126602180994914,False
Soybean___healthy,train/Soybean___healthy/b227114e-2b04-4d6f-bb30-6ae75fccbdde___RS_HL 6322.JPG,train/Soybean___healthy/ed1c954a-2d5f-42aa-bdc3-a644184a326e___RS_HL 6321.JPG,4,0.04988453909754753,0.9129104528420714,True
Soybean___healthy,train/Soybean___healthy/b23bc2ab-d7f6-47dc-a0d4-03beaa7cb1a7___RS_HL 4226.JPG,train/Soybean___healthy/ccc39144-2922-40ab-9b8c-2af9f4e9e836___RS_HL 4622.JPG,2,0.151610866189003,0.8604070237826749,False
Soybean___healthy,train/Soybean___healthy/b23bc2ab-d7f6-47dc-a0d4-03beaa7cb1a7___RS_HL 4226.JPG,train/Soybean___healthy/e827fd08-9df7-43a3-bf10-f2011f0c834a___RS_HL 4740.JPG,4,0.09022827446460724,0.8222758017477216,False
Soybean___healthy,train/Soybean___healthy/b23bc2ab-d7f6-47dc-a0d4-03beaa7cb1a7___RS_HL 4226.JPG,train/Soybean___healthy/eb6d0eee-eea7-45ea-9855-1282cdd263e3___RS_HL 3819.JPG,4,0.10581725090742111,0.8480239457702446,False
Soybean___healthy,train/Soybean___healthy/b23bc2ab-d7f6-47dc-a0d4-03beaa7cb1a7___RS_HL 4226.JPG,train/Soybean___healthy/f84a4ac8-730b-40f2-b796-3fbf5d464ccb___RS_HL 3458.JPG,4,0.1023908331990242,0.83274796054278,False
Soybean___healthy,train/Soybean___healthy/b23bc2ab-d7f6-47dc-a0d4-03beaa7cb1a7___RS_HL 4226.JPG,val/Soybean___healthy/057e2cca-5656-47ba-8381-08158319f729___RS_HL 5576 1.JPG,4,0.09521973878145218,0.8026326256940458,False
Soybean___healthy,train/Soybean___healthy/b23bc2ab-d7f6-47dc-a0d4-03beaa7cb1a7___RS_HL 4226.JPG,val/Soybean___healthy/3e43261a-8265-4e65-a2dd-feda13a307fe___RS_HL 4448.JPG,4,0.14528924226760864,0.863766105417597,False
Soybean___healthy,train/Soybean___healthy/b258123b-1596-4417-9e26-39cf9a06da41___RS_HL 3689.JPG,train/Soybean___healthy/d99eaa38-54e9-472f-8aab-f6dccc1a7eed___RS_HL 4996.JPG,4,0.08847330510616302,0.7712391136806862,False
Soybean___healthy,train/Soybean___healthy/b258123b-1596-4417-9e26-39cf9a06da41___RS_HL 3689.JPG,val/Soybean___healthy/b148716c-c0f5-48bb-a5d8-21ca31ce7611___RS_HL 3684.JPG,4,0.04059961065649986,0.9412853314507547,True
Soybean___healthy,train/Soybean___healthy/b2eb78f7-5a84-4bfe-b3a8-81bf1b63c66d___RS_HL 5365.JPG,train/Soybean___healthy/c0815e93-b1c5-4496-b1c9-d242dcbb35d5___RS_HL 4979.JPG,4,0.06542330235242844,0.8791278395649618,False
Soybean___healthy,train/Soybean___healthy/b2eb78f7-5a84-4bfe-b3a8-81bf1b63c66d___RS_HL 5365.JPG,val/Soybean___healthy/96d46f4a-6b65-4364-8889-33024fad0fc7___RS_HL 3600.JPG,4,0.0812600627541542,0.8388122547647305,False
Soybean___healthy,train/Soybean___healthy/b4069962-eac9-403d-9195-bae430444ac5___RS_HL 3893.JPG,val/Soybean___healthy/4815c4d9-ab13-434d-a7f6-f281e783d9e4___RS_HL 4446.JPG,4,0.15137316286563873,0.6918278794572013,False
Soybean___healthy,train/Soybean___healthy/b44dcbac-ddfc-4dc0-8800-52a35b590d30___RS_HL 7153.JPG,val/Soybean___healthy/93ebd0ba-d45f-42cf-b800-f12f8ab70a69___RS_HL 6721.JPG,2,0.11818476766347885,0.7706503943746879,False
Soybean___healthy,train/Soybean___healthy/b58b7d91-8ef1-4520-83f7-2de999660512___RS_HL 4455.JPG,val/Soybean___healthy/b34093d1-010b-4fd1-b95c-ab3d9c7b7f4c___RS_HL 3743.JPG,4,0.07858966290950775,0.8256767682120746,False
Soybean___healthy,train/Soybean___healthy/b5acd86d-9165-406a-9920-9e23b2a6259f___RS_HL 3898.JPG,train/Soybean___healthy/c151e38b-15f8-45e3-bb9b-54a76e26ccaa___RS_HL 4326.JPG,4,0.11266637593507767,0.8483346828016269,False
Soybean___healthy,train/Soybean___healthy/b5acd86d-9165-406a-9920-9e23b2a6259f___RS_HL 3898.JPG,val/Soybean___healthy/ba7af1cf-c424-4e43-8611-c70b0c057ce0___RS_HL 4074.JPG,4,0.09391212463378906,0.841510304830807,False
Soybean___healthy,train/Soybean___healthy/b5bf6916-482e-42fa-83b7-63ec393db2c0___RS_HL 5293.JPG,val/Soybean___healthy/42f9d6af-6ef5-4c21-abfc-9aece98087e2___RS_HL 3843.JPG,4,0.13078010082244873,0.8248642921505863,False
Soybean___healthy,train/Soybean___healthy/b64ac4df-01a1-4e55-835c-137fbe6ff72c___RS_HL 4915.JPG,train/Soybean___healthy/e357abdf-3d4b-414d-82f6-b676896ae7b8___RS_HL 4633.JPG,4,0.08361247926950455,0.8611641328705162,False
Soybean___healthy,train/Soybean___healthy/b7089d25-1938-4d6e-82f8-6f504c3e26ba___RS_HL 5200.JPG,train/Soybean___healthy/e0e643d4-9d0c-4c19-b8ce-43ca6b3e95d5___RS_HL 7260.JPG,4,0.10173624753952026,0.7916748677227071,False
Soybean___healthy,train/Soybean___healthy/b7174c7a-1316-4850-92b5-a55fc8cd84bb___RS_HL 3670.JPG,train/Soybean___healthy/e91d3d42-f796-4dba-9890-ca2dd1613e08___RS_HL 5246.JPG,4,0.0821332335472107,0.8199360957617624,False
Soybean___healthy,train/Soybean___healthy/b7174c7a-1316-4850-92b5-a55fc8cd84bb___RS_HL 3670.JPG,val/Soybean___healthy/0231ac76-7dd9-4346-945e-fdfcebdaefe0___RS_HL 5779 1.JPG,4,0.09525193274021149,0.8100238107843837,False
Soybean___healthy,train/Soybean___healthy/b844568d-8ed2-41fd-a3e9-f23637487a6b___RS_HL 3125.JPG,train/Soybean___healthy/d52c7953-d971-4e49-9ff6-5f3721da8a77___RS_HL 5401.JPG,4,0.12119191139936447,0.7480427810485806,False
Soybean___healthy,train/Soybean___healthy/b844568d-8ed2-41fd-a3e9-f23637487a6b___RS_HL 3125.JPG,val/Soybean___healthy/a39f174d-6ff4-4dc4-a1fb-9c4ee0e7a92b___RS_HL 5389.JPG,4,0.15204870700836182,0.6479446699535596,False
Soybean___healthy,train/Soybean___healthy/b92ff029-51a7-4a2f-8dce-708b5c7f5f95___RS_HL 5072.JPG,train/Soybean___healthy/dcd0aa31-f0f7-466c-822c-ee89ffebce3f___RS_HL 5060.JPG,4,0.08580955862998962,0.8009978337066537,False
Soybean___healthy,train/Soybean___healthy/b93e2503-cadd-4350-912f-1888f9ea99ff___RS_HL 4662.JPG,train/Soybean___healthy/d8634477-baca-4b5b-8d79-dd673e49c2f6___RS_HL 5462.JPG,4,0.10984576493501663,0.8144688382423199,False
Soybean___healthy,train/Soybean___healthy/b93e2503-cadd-4350-912f-1888f9ea99ff___RS_HL 4662.JPG,train/Soybean___healthy/f67d5091-ac83-42d4-bb1d-fb0209266760___RS_HL 4660.JPG,4,0.07311055064201355,0.8678056363995266,False
Soybean___healthy,train/Soybean___healthy/b9b43bc3-5e8b-41b3-9891-a12efaf05074___RS_HL 6437.JPG,train/Soybean___healthy/ffdc654b-da66-4c21-9837-396c227ebc41___RS_HL 6435.JPG,4,0.05247310921549797,0.8899619014360212,False
Soybean___healthy,train/Soybean___healthy/b9c99b24-2427-495d-b3b4-6c398a514cee___RS_HL 4753.JPG,train/Soybean___healthy/c668b75d-b636-4513-b1d0-1b6420318c21___RS_HL 5268.JPG,4,0.1250048279762268,0.838800092962334,False
Soybean___healthy,train/Soybean___healthy/ba07dce8-e521-4670-ad69-119e835010fe___RS_HL 6206.JPG,train/Soybean___healthy/f84a4ac8-730b-40f2-b796-3fbf5d464ccb___RS_HL 3458.JPG,4,0.12060936540365219,0.7844996128626801,False
Soybean___healthy,train/Soybean___healthy/ba324657-c8bb-4aa4-964d-c08c0ac2d53c___RS_HL 5325.JPG,train/Soybean___healthy/c87321e2-d5a4-4153-b3b9-c099cdf1db5d___RS_HL 3828.JPG,4,0.09379781037569046,0.7240776818247132,False
Soybean___healthy,train/Soybean___healthy/ba5c8e7a-bba3-4c6f-99c1-350104222687___RS_HL 6345.JPG,val/Soybean___healthy/66470940-d138-4a1c-8c96-0fcd0b6a6f7f___RS_HL 6346.JPG,4,0.056001216173172,0.8871027238204803,False
Soybean___healthy,train/Soybean___healthy/baeb603a-d572-4eea-b078-f5495e6cec80___RS_HL 3806.JPG,train/Soybean___healthy/bb5bca01-7a42-475f-bf7c-f06d6a6a7d7b___RS_HL 3516.JPG,4,0.0873306393623352,0.7853093756069743,False
Soybean___healthy,train/Soybean___healthy/bb171f67-77ec-4025-9ff3-ea5b66be396b___RS_HL 6945.JPG,val/Soybean___healthy/9664f7f6-4780-467e-8368-62dd94313ac8___RS_HL 4213.JPG,4,0.11130145937204361,0.8039084993730307,False
Soybean___healthy,train/Soybean___healthy/bc370e85-40b2-46ae-8937-72d6e092f0e5___RS_HL 4937.JPG,train/Soybean___healthy/cf7944eb-68cb-4d2e-ac24-4827ac0460cb___RS_HL 4067.JPG,2,0.08469811081886292,0.7876930237218661,False
Soybean___healthy,train/Soybean___healthy/bc370e85-40b2-46ae-8937-72d6e092f0e5___RS_HL 4937.JPG,train/Soybean___healthy/d6498a4d-1725-4a1b-b327-5e89fa566b94___RS_HL 5637 1.JPG,4,0.09228920191526413,0.7406494517358811,False
Soybean___healthy,train/Soybean___healthy/bc370e85-40b2-46ae-8937-72d6e092f0e5___RS_HL 4937.JPG,val/Soybean___healthy/68947ab4-60ac-4261-b1c9-42644c8a78d5___RS_HL 4193.JPG,4,0.08551254868507385,0.8028227130336254,False
Soybean___healthy,train/Soybean___healthy/bc43ac1e-c679-42bc-90c7-b1374b73775a___RS_HL 3666.JPG,train/Soybean___healthy/c151e38b-15f8-45e3-bb9b-54a76e26ccaa___RS_HL 4326.JPG,4,0.09277046471834183,0.8238894632000627,False
Soybean___healthy,train/Soybean___healthy/bc43ac1e-c679-42bc-90c7-b1374b73775a___RS_HL 3666.JPG,train/Soybean___healthy/c642c062-ebf4-4afd-b286-983a7e601347___RS_HL 3925.JPG,4,0.13117524981498718,0.8139194611436603,False
Soybean___healthy,train/Soybean___healthy/bcceb05d-85a7-4e3d-aa18-3a2fe26bd2f3___RS_HL 6548.JPG,train/Soybean___healthy/e6cea06d-3ebb-418d-b7ca-de748a13a5df___RS_HL 3804.JPG,4,0.1192740947008133,0.6902482337499007,False
Soybean___healthy,train/Soybean___healthy/bd99e361-f8fe-4fdd-b07d-8e17a501f710___RS_HL 3510.JPG,val/Soybean___healthy/1de56755-4034-4806-8d54-907c3076757a___RS_HL 4361.JPG,4,0.08343248069286346,0.7644703886644051,False
Soybean___healthy,train/Soybean___healthy/bd99e361-f8fe-4fdd-b07d-8e17a501f710___RS_HL 3510.JPG,val/Soybean___healthy/a522afba-a47b-453e-bb3e-bcd4f8d3a411___RS_HL 3253.JPG,4,0.11676155775785446,0.8422160666722355,False
Soybean___healthy,train/Soybean___healthy/bd99e361-f8fe-4fdd-b07d-8e17a501f710___RS_HL 3510.JPG,val/Soybean___healthy/ff050cbf-3f4d-4294-b192-086d0b351c34___RS_HL 5594 1.JPG,4,0.11642780900001526,0.7603398973376225,False
Soybean___healthy,train/Soybean___healthy/be62b941-0c95-4e51-878c-80f9edeb2f27___RS_HL 6550.JPG,train/Soybean___healthy/fd1eb951-7985-47b7-b66b-cb7295aa8827___RS_HL 7000.JPG,4,0.09252479672431946,0.7639798463833919,False
Soybean___healthy,train/Soybean___healthy/beccae9f-3e65-4e7b-9eb3-f9584cbdb89d___RS_HL 4627.JPG,train/Soybean___healthy/fe22e33f-80de-4771-9dbe-68be9f4a21a9___RS_HL 4661.JPG,4,0.09228849411010742,0.8752765206932994,False
Soybean___healthy,train/Soybean___healthy/bee17ace-696f-42e9-9f59-b16b13d2e537___RS_HL 3096.JPG,train/Soybean___healthy/edd09edd-862f-42dd-82d8-24552f169584___RS_HL 3739.JPG,4,0.09584582597017288,0.7611361443025734,False
Soybean___healthy,train/Soybean___healthy/c015ee0c-de2f-45fc-bea9-9ab05438795e___RS_HL 5644 1.JPG,val/Soybean___healthy/31be8305-3a3d-41da-bd6b-98a7251deea4___RS_HL 4855.JPG,4,0.11124614626169205,0.7669994610642697,False
Soybean___healthy,train/Soybean___healthy/c015ee0c-de2f-45fc-bea9-9ab05438795e___RS_HL 5644 1.JPG,val/Soybean___healthy/5cedc784-28e7-46ca-8b84-cba4bf5ae2e7___RS_HL 4835.JPG,4,0.09284450113773346,0.7240819536149964,False
Soybean___healthy,train/Soybean___healthy/c072aed5-b91b-4d4d-a7b4-9ae81591ef08___RS_HL 4493.JPG,train/Soybean___healthy/cc26489a-267e-405a-9c10-5f9cb290fcad___RS_HL 5432.JPG,4,0.09193957597017288,0.7962165994573279,False
Soybean___healthy,train/Soybean___healthy/c1585706-72f3-4fbd-ad20-99cbabb395b4___RS_HL 6482.JPG,train/Soybean___healthy/fa660cac-3b37-46ed-8be1-8453776d0567___RS_HL 6653.JPG,4,0.08996119350194931,0.7141970957325378,False
Soybean___healthy,train/Soybean___healthy/c27e227c-ce19-40af-8edb-d40f5f73c725___RS_HL 5424.JPG,val/Soybean___healthy/5a65f68b-0260-49e5-a178-ca327c4e1020___RS_HL 4854.JPG,4,0.10679792612791061,0.8052361289279932,False
Soybean___healthy,train/Soybean___healthy/c3058e55-fbf1-47ac-b265-583125197c03___RS_HL 6037.JPG,train/Soybean___healthy/e50e5483-8e2c-46d6-bff9-add0c440368d___RS_HL 6373.JPG,4,0.14504826068878174,0.7245846862903008,False
Soybean___healthy,train/Soybean___healthy/c3fc4f16-7001-4444-a452-64490cdc7e73___RS_HL 5803.JPG,val/Soybean___healthy/be618514-250f-4cea-817c-b0ec422a834e___RS_HL 5801.JPG,2,0.05850609764456749,0.8564752197624333,False
Soybean___healthy,train/Soybean___healthy/c642c062-ebf4-4afd-b286-983a7e601347___RS_HL 3925.JPG,train/Soybean___healthy/cd5fbde6-c830-4cb6-a90a-761bf6520013___RS_HL 5612 1.JPG,4,0.11210044473409653,0.7865358118149564,False
Soybean___healthy,train/Soybean___healthy/c642c062-ebf4-4afd-b286-983a7e601347___RS_HL 3925.JPG,train/Soybean___healthy/cf618584-36d1-4c0b-86e7-6488da883d50___RS_HL 3475.JPG,2,0.07581543177366257,0.851074979282019,False
Soybean___healthy,train/Soybean___healthy/c642c062-ebf4-4afd-b286-983a7e601347___RS_HL 3925.JPG,train/Soybean___healthy/f7fb9a56-8346-42f6-b5e4-15490350b649___RS_HL 4840.JPG,4,0.1037069633603096,0.8139906635018874,False
Soybean___healthy,train/Soybean___healthy/c642c062-ebf4-4afd-b286-983a7e601347___RS_HL 3925.JPG,val/Soybean___healthy/07323fc3-b155-4e0a-b4bf-8737af0bb59f___RS_HL 5191.JPG,4,0.08046194165945053,0.8155110566924614,False
Soybean___healthy,train/Soybean___healthy/c642c062-ebf4-4afd-b286-983a7e601347___RS_HL 3925.JPG,val/Soybean___healthy/29e53812-2949-4127-af2e-b80b4e967986___RS_HL 4245.JPG,4,0.06277701258659363,0.8566807781787064,False
Soybean___healthy,train/Soybean___healthy/c642c062-ebf4-4afd-b286-983a7e601347___RS_HL 3925.JPG,val/Soybean___healthy/ba7af1cf-c424-4e43-8611-c70b0c057ce0___RS_HL 4074.JPG,4,0.0654611736536026,0.8314357563795622,False
Soybean___healthy,train/Soybean___healthy/c6599df4-78b4-4056-a211-9d765e8029a1___RS_HL 3446.JPG,train/Soybean___healthy/c93fee6f-332c-4d0a-92c8-b0333576b038___RS_HL 5564 1.JPG,4,0.08273661881685257,0.8125247441035746,False
Soybean___healthy,train/Soybean___healthy/c734a02e-694c-4f03-b268-2611d73cee33___RS_HL 5186.JPG,val/Soybean___healthy/c55c20a5-c529-43af-949e-cfaad2377481___RS_HL 5454.JPG,4,0.06363329291343689,0.8710226903695453,False
Soybean___healthy,train/Soybean___healthy/c734a02e-694c-4f03-b268-2611d73cee33___RS_HL 5186.JPG,val/Soybean___healthy/fff606e6-7949-44cf-90d3-9507d2a97cfe___RS_HL 4083.JPG,4,0.08882521092891693,0.8118010079065415,False
Soybean___healthy,train/Soybean___healthy/c7c45837-d586-40ca-b0d2-37f0c05831a5___RS_HL 6715.JPG,val/Soybean___healthy/0e7617e5-8ef1-45be-83ca-04465a10f5de___RS_HL 6717.JPG,4,0.050546787679195404,0.9132632771091026,True
Soybean___healthy,train/Soybean___healthy/c8af80df-2b9d-4751-b0c2-9112d5f67944___RS_HL 6716.JPG,val/Soybean___healthy/0e7617e5-8ef1-45be-83ca-04465a10f5de___RS_HL 6717.JPG,4,0.05875062569975853,0.8635544819763532,False
Soybean___healthy,train/Soybean___healthy/c9c15de6-3408-4fd9-ab64-1144ca6d6603___RS_HL 5022.JPG,val/Soybean___healthy/fff606e6-7949-44cf-90d3-9507d2a97cfe___RS_HL 4083.JPG,4,0.100836843252182,0.7102477280866852,False
Soybean___healthy,train/Soybean___healthy/ca7a6712-6217-44ed-b6a2-7c07459f8f98___RS_HL 6627.JPG,train/Soybean___healthy/e3bf7310-7b54-4c47-9c2d-98f9f8291978___RS_HL 6866.JPG,4,0.08970262110233307,0.7280023050142249,False
Soybean___healthy,train/Soybean___healthy/cc08e799-035e-4c08-b753-92e3863493e1___RS_HL 5526.JPG,train/Soybean___healthy/fe79b51f-a37e-4852-b4b8-bda523e9da39___RS_HL 5528.JPG,4,0.09358745068311691,0.7771340535520218,False
Soybean___healthy,train/Soybean___healthy/cc97c816-b895-47ba-818f-b244bba27581___RS_HL 3775.JPG,val/Soybean___healthy/f236f6a4-64b3-4c45-aaa6-c3e55db4c085___RS_HL 4689.JPG,4,0.10358796268701553,0.7807717979152167,False
Soybean___healthy,train/Soybean___healthy/cc97c816-b895-47ba-818f-b244bba27581___RS_HL 3775.JPG,val/Soybean___healthy/f29069df-0aca-4b34-af54-535f7787f1a2___RS_HL 3698.JPG,4,0.0979553833603859,0.7470510595555342,False
Soybean___healthy,train/Soybean___healthy/ccc39144-2922-40ab-9b8c-2af9f4e9e836___RS_HL 4622.JPG,train/Soybean___healthy/ce225768-65a5-419c-9a5b-d0351bea1636___RS_HL 4190.JPG,4,0.10682912915945053,0.7988747280087072,False
Soybean___healthy,train/Soybean___healthy/ccc39144-2922-40ab-9b8c-2af9f4e9e836___RS_HL 4622.JPG,train/Soybean___healthy/e827fd08-9df7-43a3-bf10-f2011f0c834a___RS_HL 4740.JPG,4,0.12209626287221909,0.7419838717987973,False
Soybean___healthy,train/Soybean___healthy/cd0b98c6-9aa7-4b94-bd4a-e6fd59db346e___RS_HL 4511.JPG,val/Soybean___healthy/1ba63a9d-673b-47f1-8440-a03fa8bd2332___RS_HL 4501.JPG,4,0.07363905012607574,0.821544306413376,False
Soybean___healthy,train/Soybean___healthy/cd0b98c6-9aa7-4b94-bd4a-e6fd59db346e___RS_HL 4511.JPG,val/Soybean___healthy/2d011336-97ff-4a75-ad31-f7ed3591eb61___RS_HL 4503.JPG,4,0.06991294026374817,0.8223710932410623,False
Soybean___healthy,train/Soybean___healthy/cd5fbde6-c830-4cb6-a90a-761bf6520013___RS_HL 5612 1.JPG,train/Soybean___healthy/cf618584-36d1-4c0b-86e7-6488da883d50___RS_HL 3475.JPG,4,0.10241381078958511,0.7601026078242152,False
Soybean___healthy,train/Soybean___healthy/ce0aa2a1-34b5-47ed-8928-aef3f76b9971___RS_HL 3649.JPG,train/Soybean___healthy/d176a290-f657-4ea4-850f-fea38d42d01d___RS_HL 4248.JPG,4,0.08479852974414825,0.8346974675032436,False
Soybean___healthy,train/Soybean___healthy/cec39ec4-681a-4a6f-baba-b56cf2b3b277___RS_HL 4458.JPG,train/Soybean___healthy/dcd0aa31-f0f7-466c-822c-ee89ffebce3f___RS_HL 5060.JPG,4,0.08151283115148544,0.8528290241745894,False
Soybean___healthy,train/Soybean___healthy/cede2335-bc0d-4f1b-8886-644c3c97d990___RS_HL 3727.JPG,train/Soybean___healthy/e0f9d06d-375d-4bb0-aec5-f25c2c2505b7___RS_HL 4766.JPG,4,0.113760806620121,0.7794243864156986,False
Soybean___healthy,train/Soybean___healthy/cede2335-bc0d-4f1b-8886-644c3c97d990___RS_HL 3727.JPG,train/Soybean___healthy/f67d5091-ac83-42d4-bb1d-fb0209266760___RS_HL 4660.JPG,4,0.057408399879932404,0.8549688836406543,False
Soybean___healthy,train/Soybean___healthy/cf618584-36d1-4c0b-86e7-6488da883d50___RS_HL 3475.JPG,val/Soybean___healthy/07323fc3-b155-4e0a-b4bf-8737af0bb59f___RS_HL 5191.JPG,4,0.08511185646057129,0.7792960307291908,False
Soybean___healthy,train/Soybean___healthy/cf618584-36d1-4c0b-86e7-6488da883d50___RS_HL 3475.JPG,val/Soybean___healthy/ba7af1cf-c424-4e43-8611-c70b0c057ce0___RS_HL 4074.JPG,4,0.0744323581457138,0.8579580827071384,False
Soybean___healthy,train/Soybean___healthy/d0e555d9-22c5-45f2-bbc0-0e87d6190741___RS_HL 3368.JPG,train/Soybean___healthy/d99eaa38-54e9-472f-8aab-f6dccc1a7eed___RS_HL 4996.JPG,4,0.0934138372540474,0.778987022983373,False
Soybean___healthy,train/Soybean___healthy/d0e555d9-22c5-45f2-bbc0-0e87d6190741___RS_HL 3368.JPG,val/Soybean___healthy/23c94ac7-d14c-4185-8d61-82018a3ed304___RS_HL 4616.JPG,4,0.09243997931480408,0.8013699421900505,False
Soybean___healthy,train/Soybean___healthy/d0e555d9-22c5-45f2-bbc0-0e87d6190741___RS_HL 3368.JPG,val/Soybean___healthy/b34093d1-010b-4fd1-b95c-ab3d9c7b7f4c___RS_HL 3743.JPG,4,0.09893692284822464,0.8284944798788695,False
Soybean___healthy,train/Soybean___healthy/d12d2a72-7aa9-4cb7-9d47-cdb879952074___RS_HL 3396.JPG,val/Soybean___healthy/6dfcb336-25a6-4ee3-a193-05c5760ba9a6___RS_HL 4256.JPG,4,0.08303887397050858,0.7897883480002643,False
Soybean___healthy,train/Soybean___healthy/d13756c8-abfa-4e98-bafd-ddb960c09ad6___RS_HL 3384.JPG,val/Soybean___healthy/ea5d0530-5cfa-42d2-a8f8-48b6bde39c3e___RS_HL 6144.JPG,4,0.07270248979330063,0.8219349722955241,False
Soybean___healthy,train/Soybean___healthy/d1f81bac-3d5e-46e2-b311-ac83eb6ba43b___RS_HL 3419.JPG,val/Soybean___healthy/c20faf5e-7487-4a7f-9579-767b9ade0164___RS_HL 4232.JPG,4,0.11054673790931702,0.8128558018385222,False
Soybean___healthy,train/Soybean___healthy/d26e2f90-1f91-445e-97c2-0e26d90112a2___RS_HL 5941.JPG,val/Soybean___healthy/6f8693a0-9f00-4c8d-b57b-217dac181680___RS_HL 5860.JPG,4,0.0814812034368515,0.8598990830806663,False
Soybean___healthy,train/Soybean___healthy/d2b5af34-766f-411a-b229-227ff38e1323___RS_HL 3537.JPG,train/Soybean___healthy/d8e246bb-14ce-4d26-a069-f8ef1269217b___RS_HL 3590.JPG,4,0.11461992561817169,0.6968713581868862,False
Soybean___healthy,train/Soybean___healthy/d2c524a0-94cf-4fbc-85cb-bd1bf7890a4e___RS_HL 3667.JPG,val/Soybean___healthy/a8d6166c-6057-48cc-9c0d-9cc626d67700___RS_HL 3112.JPG,4,0.07952267676591873,0.8382152452154935,False
Soybean___healthy,train/Soybean___healthy/d306dd53-d4c6-4048-b1ff-e58aa9b240a5___RS_HL 4823.JPG,val/Soybean___healthy/18075112-de5a-402b-8957-bd94525bb362___RS_HL 3378.JPG,4,0.08479824662208557,0.8238155693008179,False
Soybean___healthy,train/Soybean___healthy/d3262cd0-7223-414b-b608-1507848973e0___RS_HL 6401.JPG,train/Soybean___healthy/f2713b50-20b8-4b75-ab5d-1c1810277f5b___RS_HL 6156.JPG,4,0.13352510333061218,0.8077901799116735,False
Soybean___healthy,train/Soybean___healthy/d39b2306-9188-459e-81e2-dba01b77c0ce___RS_HL 4482.JPG,train/Soybean___healthy/f94d610a-3d85-4a13-bf89-66622f71c4a0___RS_HL 5301.JPG,4,0.1571369171142578,0.7846501506151363,False
Soybean___healthy,train/Soybean___healthy/d4a90bc6-db0f-43e2-b3ac-7b178b6fb3ec___RS_HL 4058.JPG,val/Soybean___healthy/3e33f778-45c7-47a7-86b9-909e967cf585___RS_HL 5058.JPG,4,0.10327152162790298,0.7749625528781691,False
Soybean___healthy,train/Soybean___healthy/d4a90bc6-db0f-43e2-b3ac-7b178b6fb3ec___RS_HL 4058.JPG,val/Soybean___healthy/68947ab4-60ac-4261-b1c9-42644c8a78d5___RS_HL 4193.JPG,4,0.08382027596235275,0.788169194953519,False
Soybean___healthy,train/Soybean___healthy/d4a90bc6-db0f-43e2-b3ac-7b178b6fb3ec___RS_HL 4058.JPG,val/Soybean___healthy/c20faf5e-7487-4a7f-9579-767b9ade0164___RS_HL 4232.JPG,4,0.07963047921657562,0.7911262133858966,False
Soybean___healthy,train/Soybean___healthy/d52c7953-d971-4e49-9ff6-5f3721da8a77___RS_HL 5401.JPG,val/Soybean___healthy/71010ab7-e729-462b-abf3-42cc36bf507a___RS_HL 3559.JPG,4,0.09266422688961029,0.7942300055234841,False
Soybean___healthy,train/Soybean___healthy/d52c7953-d971-4e49-9ff6-5f3721da8a77___RS_HL 5401.JPG,val/Soybean___healthy/b4f30be3-8f14-4138-8b06-9beb44b20c62___RS_HL 3764.JPG,2,0.1273368000984192,0.708057788561738,False
Soybean___healthy,train/Soybean___healthy/d573c27c-475e-4f03-b7df-554da20afed5___RS_HL 3575.JPG,val/Soybean___healthy/23c94ac7-d14c-4185-8d61-82018a3ed304___RS_HL 4616.JPG,4,0.07584522664546967,0.8005514984232538,False
Soybean___healthy,train/Soybean___healthy/d6144acf-78ad-4891-af3f-b9750c71f318___RS_HL 4202.JPG,val/Soybean___healthy/5abf103d-2872-40c6-8ddd-8ef88f99746b___RS_HL 4105.JPG,4,0.09234622865915298,0.7232983877495589,False
Soybean___healthy,train/Soybean___healthy/d6498a4d-1725-4a1b-b327-5e89fa566b94___RS_HL 5637 1.JPG,val/Soybean___healthy/27a2656d-1dfc-46f0-a4c8-9c706b10e631___RS_HL 4759.JPG,4,0.10543882101774216,0.797494451807704,False
Soybean___healthy,train/Soybean___healthy/d6bc2d7c-4c6a-4335-a1ba-2fa6bde68a51___RS_HL 5948.JPG,train/Soybean___healthy/df6b4dc4-bf3a-44ae-96a2-0137eec1b907___RS_HL 7073.JPG,4,0.08820749074220657,0.7561324316017384,False
Soybean___healthy,train/Soybean___healthy/d9727e36-342b-473d-bd6a-82f1eef80966___RS_HL 4783.JPG,val/Soybean___healthy/d75d07a5-87dc-42ed-bb0e-93fdd4986cde___RS_HL 3611.JPG,4,0.15329648554325104,0.8180712889851168,False
Soybean___healthy,train/Soybean___healthy/d99eaa38-54e9-472f-8aab-f6dccc1a7eed___RS_HL 4996.JPG,val/Soybean___healthy/b148716c-c0f5-48bb-a5d8-21ca31ce7611___RS_HL 3684.JPG,4,0.09438785165548325,0.7585804393336031,False
Soybean___healthy,train/Soybean___healthy/da00d784-ead9-4844-8c95-37b493a5b553___RS_HL 6718.JPG,val/Soybean___healthy/0e7617e5-8ef1-45be-83ca-04465a10f5de___RS_HL 6717.JPG,4,0.12192549556493759,0.8458922183246387,False
Soybean___healthy,train/Soybean___healthy/db8fc0e0-eeae-4cba-942c-6de6e3e5a134___RS_HL 5556 1.JPG,val/Soybean___healthy/715897ce-21db-4197-89dc-68e6089976ae___RS_HL 5742 1.JPG,4,0.1045955941081047,0.7908422150659888,False
Soybean___healthy,train/Soybean___healthy/db8fc0e0-eeae-4cba-942c-6de6e3e5a134___RS_HL 5556 1.JPG,val/Soybean___healthy/8851e67a-5530-4c9e-868c-9efa4dfcf69d___RS_HL 5412.JPG,4,0.15088607370853424,0.7987434876795402,False
Soybean___healthy,train/Soybean___healthy/dbdd4c29-94e9-4598-be4d-a80690ad1809___RS_HL 4197.JPG,val/Soybean___healthy/3ba289b8-ffb3-425e-aa80-d4c2b9e87592___RS_HL 5410.JPG,4,0.07837619632482529,0.7995877862273861,False
Soybean___healthy,train/Soybean___healthy/dcd0aa31-f0f7-466c-822c-ee89ffebce3f___RS_HL 5060.JPG,train/Soybean___healthy/eddf509b-db08-47ae-b836-ea3c35c0cd04___RS_HL 5523 1.JPG,4,0.0603514239192009,0.8999407690092167,False
Soybean___healthy,train/Soybean___healthy/dd2c720e-a184-4d25-a72e-752869d405c7___RS_HL 4461.JPG,train/Soybean___healthy/e9dfdda7-6ae4-4586-a9a2-1d7414540a29___RS_HL 3704.JPG,4,0.07831421494483948,0.8707649399138151,False
Soybean___healthy,train/Soybean___healthy/dfdb9d31-68a9-4ca0-92e9-cdfe615831fd___RS_HL 5914.JPG,val/Soybean___healthy/7b2bb24b-70fc-40fe-92f1-993a2484727b___RS_HL 5839.JPG,4,0.06778676807880402,0.8865072036621705,False
Soybean___healthy,train/Soybean___healthy/e0f9d06d-375d-4bb0-aec5-f25c2c2505b7___RS_HL 4766.JPG,train/Soybean___healthy/f67d5091-ac83-42d4-bb1d-fb0209266760___RS_HL 4660.JPG,2,0.10896933823823929,0.8040914922132221,False
Soybean___healthy,train/Soybean___healthy/e2d95430-fdbf-4668-aaea-2018ea829f5a___RS_HL 4903.JPG,val/Soybean___healthy/3c845900-ab47-4ee0-81d0-796ab7c42735___RS_HL 6810.JPG,4,0.10518067330121994,0.8054407685832048,False
Soybean___healthy,train/Soybean___healthy/e3857933-e537-4a7d-8bcc-bdcc9bcad188___RS_HL 4564.JPG,train/Soybean___healthy/f0ff50ed-8dd1-4b17-903c-9d7840b054cb___RS_HL 3490.JPG,4,0.08712340891361237,0.8619673666275034,False
Soybean___healthy,train/Soybean___healthy/e6dfa315-08c3-4c1b-acf9-fb0d0559c58e___RS_HL 4200.JPG,val/Soybean___healthy/71010ab7-e729-462b-abf3-42cc36bf507a___RS_HL 3559.JPG,4,0.07126650959253311,0.830330023682239,False
Soybean___healthy,train/Soybean___healthy/e7ba78f5-d6e6-4270-868e-36131a28c109___RS_HL 4227.JPG,train/Soybean___healthy/f68b8d6d-b1dd-40ff-b341-3f7963ad7281___RS_HL 5553 1.JPG,4,0.10424991697072983,0.873413622796245,False
Soybean___healthy,train/Soybean___healthy/e7ba78f5-d6e6-4270-868e-36131a28c109___RS_HL 4227.JPG,val/Soybean___healthy/bc500437-0faa-4ed8-aaa5-b66a2df81814___RS_HL 3612.JPG,4,0.10912904888391495,0.8130899773371737,False
Soybean___healthy,train/Soybean___healthy/e7ba78f5-d6e6-4270-868e-36131a28c109___RS_HL 4227.JPG,val/Soybean___healthy/c55c20a5-c529-43af-949e-cfaad2377481___RS_HL 5454.JPG,4,0.09181531518697739,0.8512682068146583,False
Soybean___healthy,train/Soybean___healthy/e827fd08-9df7-43a3-bf10-f2011f0c834a___RS_HL 4740.JPG,train/Soybean___healthy/f84a4ac8-730b-40f2-b796-3fbf5d464ccb___RS_HL 3458.JPG,4,0.08889470249414444,0.8346918558167875,False
Soybean___healthy,train/Soybean___healthy/e8efa815-c8c2-4b9d-8f5d-77a9557eff85___RS_HL 4544.JPG,train/Soybean___healthy/fd6f646d-b108-41b9-b922-fe0e645d8df2___RS_HL 3129.JPG,4,0.16996683180332184,0.790665357972311,False
Soybean___healthy,train/Soybean___healthy/e9a290dd-0101-41dd-b732-7f1862b52840___RS_HL 6085.JPG,train/Soybean___healthy/f61cc5fe-968b-4a9e-881d-e2325b4a3b63___RS_HL 6086.JPG,4,0.06477934867143631,0.8585600897103782,False
Soybean___healthy,train/Soybean___healthy/eb680077-f114-40a6-9a8f-6564043ab31d___RS_HL 6925.JPG,val/Soybean___healthy/6bfa1286-a35f-4dde-a61a-959fea14cf11___RS_HL 5847.JPG,4,0.09768319875001907,0.7086180082451637,False
Soybean___healthy,train/Soybean___healthy/eb6d0eee-eea7-45ea-9855-1282cdd263e3___RS_HL 3819.JPG,train/Soybean___healthy/ffd1a614-2a6d-4584-9c1a-2e542d7cfabf___RS_HL 5656 1.JPG,4,0.09733030200004578,0.71627213430705,False
Soybean___healthy,train/Soybean___healthy/eb6d0eee-eea7-45ea-9855-1282cdd263e3___RS_HL 3819.JPG,val/Soybean___healthy/057e2cca-5656-47ba-8381-08158319f729___RS_HL 5576 1.JPG,4,0.08663009852170944,0.7738237477432706,False
Soybean___healthy,train/Soybean___healthy/eb6d0eee-eea7-45ea-9855-1282cdd263e3___RS_HL 3819.JPG,val/Soybean___healthy/18075112-de5a-402b-8957-bd94525bb362___RS_HL 3378.JPG,4,0.10822439938783646,0.693312664631145,False
Soybean___healthy,train/Soybean___healthy/eb6d0eee-eea7-45ea-9855-1282cdd263e3___RS_HL 3819.JPG,val/Soybean___healthy/5510e8d6-d957-42f9-b8d0-6231c4b2cf4f___RS_HL 3535.JPG,4,0.1121075302362442,0.6772965894934484,False
Soybean___healthy,train/Soybean___healthy/eb6da00a-4294-476a-b2da-210005874d4d___RS_HL 5804.JPG,val/Soybean___healthy/e020e9ae-583f-4e58-bb03-7dfe4fbfe7e4___RS_HL 5806.JPG,4,0.05299308896064758,0.906955806700371,True
Soybean___healthy,train/Soybean___healthy/ebb1f20c-f605-4abc-a703-4faf0670b011___RS_HL 6720.JPG,train/Soybean___healthy/ee50a89a-dac0-4d69-9536-d28244e5d59b___RS_HL 7060.JPG,4,0.09885436296463013,0.8050800186407754,False
Soybean___healthy,train/Soybean___healthy/ecfb13fb-cbfa-4755-bc9b-c9737b830758___RS_HL 4620.JPG,val/Soybean___healthy/0010d6a1-64f1-4997-99d8-6d86fa629014___RS_HL 6967.JPG,4,0.1178029403090477,0.8025250690496367,False
Soybean___healthy,train/Soybean___healthy/edad3873-93eb-435c-aa73-44405266db93___RS_HL 7115.JPG,val/Soybean___healthy/1907f56d-bce5-46b4-92c3-611cb69a9a75___RS_HL 7114.JPG,4,0.0949750617146492,0.7331002665558454,False
Soybean___healthy,train/Soybean___healthy/eddf509b-db08-47ae-b836-ea3c35c0cd04___RS_HL 5523 1.JPG,train/Soybean___healthy/f71f7690-b33a-498d-9200-5d064c2f8b8c___RS_HL 3680.JPG,2,0.09672239422798157,0.8124611080743824,False
Soybean___healthy,train/Soybean___healthy/eddf509b-db08-47ae-b836-ea3c35c0cd04___RS_HL 5523 1.JPG,train/Soybean___healthy/f84bd9bb-e705-4781-b83c-069cfd6f139c___RS_HL 5769 1.JPG,4,0.08587594330310822,0.7844263802096517,False
Soybean___healthy,train/Soybean___healthy/eddf509b-db08-47ae-b836-ea3c35c0cd04___RS_HL 5523 1.JPG,val/Soybean___healthy/68947ab4-60ac-4261-b1c9-42644c8a78d5___RS_HL 4193.JPG,4,0.08558928221464157,0.8120888978022168,False
Soybean___healthy,train/Soybean___healthy/eddf509b-db08-47ae-b836-ea3c35c0cd04___RS_HL 5523 1.JPG,val/Soybean___healthy/d75d07a5-87dc-42ed-bb0e-93fdd4986cde___RS_HL 3611.JPG,4,0.08242372423410416,0.8234021048358735,False
Soybean___healthy,train/Soybean___healthy/efe605a5-b2ee-4a8f-9a3c-f0f20a6637bf___RS_HL 4563.JPG,val/Soybean___healthy/30ee868e-9dea-47b5-9ccb-401d7418d710___RS_HL 4648.JPG,4,0.084700807929039,0.8297223595108206,False
Soybean___healthy,train/Soybean___healthy/f0dc69f7-3e5a-4d12-a86a-2f4bbf583680___RS_HL 4054.JPG,train/Soybean___healthy/fe22e33f-80de-4771-9dbe-68be9f4a21a9___RS_HL 4661.JPG,4,0.26770707964897156,0.8710436081750496,False
Soybean___healthy,train/Soybean___healthy/f0dc69f7-3e5a-4d12-a86a-2f4bbf583680___RS_HL 4054.JPG,val/Soybean___healthy/ee5089ad-bc36-4a5a-ae46-89302292eefe___RS_HL 4514.JPG,4,0.15181711316108704,0.7926636317914613,False
Soybean___healthy,train/Soybean___healthy/f4adf8bc-a80a-4f74-96ea-7f8f7d4e04ce___RS_HL 5707 1.JPG,val/Soybean___healthy/707074ce-97a4-42b5-b82f-30370a765ca7___RS_HL 6873.JPG,4,0.09832219034433365,0.852633348935422,False
Soybean___healthy,train/Soybean___healthy/f4b40e58-d243-41b7-92c8-6137729a3ae6___RS_HL 5822.JPG,train/Soybean___healthy/fb802c02-4979-4423-9612-3aa62c82247d___RS_HL 5823.JPG,4,0.05689394846558571,0.885049012021121,False
Soybean___healthy,train/Soybean___healthy/f566be00-a807-44f0-8997-5bcfa23f6612___RS_HL 5299.JPG,val/Soybean___healthy/cb9db845-5c66-4ace-a165-35e7e10ed2a7___RS_HL 5233.JPG,4,0.07985203713178635,0.8414682874399815,False
Soybean___healthy,train/Soybean___healthy/f566be00-a807-44f0-8997-5bcfa23f6612___RS_HL 5299.JPG,val/Soybean___healthy/d8f485d4-9759-40bd-b7fa-214ba5d3eb56___RS_HL 5055.JPG,4,0.10644573718309402,0.8204020760516441,False
Soybean___healthy,train/Soybean___healthy/f66edfd0-3a2d-4b10-9a64-c9f464bd989e___RS_HL 5329.JPG,train/Soybean___healthy/fc60273f-9361-41d8-9af5-51aca1e8175a___RS_HL 4170.JPG,4,0.0967591181397438,0.8607732764545967,False
Soybean___healthy,train/Soybean___healthy/f68b8d6d-b1dd-40ff-b341-3f7963ad7281___RS_HL 5553 1.JPG,val/Soybean___healthy/9664f7f6-4780-467e-8368-62dd94313ac8___RS_HL 4213.JPG,4,0.08377019315958023,0.8759765196816732,False
Soybean___healthy,train/Soybean___healthy/f68b8d6d-b1dd-40ff-b341-3f7963ad7281___RS_HL 5553 1.JPG,val/Soybean___healthy/c26f8f2c-6c70-4f51-88fb-49c780e667f8___RS_HL 5426.JPG,4,0.07715297490358353,0.8434273567257314,False
Soybean___healthy,train/Soybean___healthy/f7fb9a56-8346-42f6-b5e4-15490350b649___RS_HL 4840.JPG,val/Soybean___healthy/29e53812-2949-4127-af2e-b80b4e967986___RS_HL 4245.JPG,4,0.09932427853345871,0.800628695106714,False
Soybean___healthy,train/Soybean___healthy/f84bd9bb-e705-4781-b83c-069cfd6f139c___RS_HL 5769 1.JPG,train/Soybean___healthy/fd858fcf-a5fe-42ed-be4c-af103d8c7e22___RS_HL 3919.JPG,4,0.09290974587202072,0.7527551968707089,False
Soybean___healthy,train/Soybean___healthy/f85719d3-fe2b-4c8c-b542-4b5b29ba9daf___RS_HL 5557 1.JPG,val/Soybean___healthy/0e26c0d3-9869-4e68-a285-c7c051a6a4ed___RS_HL 5559 1.JPG,4,0.06424050778150558,0.883874985907541,False
Soybean___healthy,train/Soybean___healthy/f8770750-7952-40f8-94eb-57300636a96d___RS_HL 4301.JPG,val/Soybean___healthy/9664f7f6-4780-467e-8368-62dd94313ac8___RS_HL 4213.JPG,4,0.07067830115556717,0.818301732222265,False
Soybean___healthy,train/Soybean___healthy/f93ccd71-d207-4661-a4f0-2efa3cf157de___RS_HL 5332.JPG,val/Soybean___healthy/2f601170-0f62-43e8-a4a5-2847cc9c67d0___RS_HL 4957.JPG,4,0.08771063387393951,0.757515199412125,False
Soybean___healthy,train/Soybean___healthy/f94d610a-3d85-4a13-bf89-66622f71c4a0___RS_HL 5301.JPG,val/Soybean___healthy/29403a1c-7113-455a-b025-24144ea9da8f___RS_HL 3373.JPG,4,0.19603446125984192,0.7395140163305411,False
Soybean___healthy,train/Soybean___healthy/f9a54022-6065-43f6-8017-f178630158a7___RS_HL 5982.JPG,val/Soybean___healthy/04f9ace6-096a-40ab-8e3b-2a3be9eb8464___RS_HL 5862.JPG,4,0.0893905758857727,0.7116523804251722,False
Soybean___healthy,train/Soybean___healthy/f9e3d219-c022-474a-a739-0b922e5c40df___RS_HL 5566.JPG,val/Soybean___healthy/ce9305d4-d9bc-45f6-81b1-294e9e8f2115___RS_HL 6087.JPG,4,0.08968999981880188,0.6556759471351161,False
Soybean___healthy,train/Soybean___healthy/fa38d240-b439-4fc5-9e19-10df684897c5___RS_HL 5102.JPG,train/Soybean___healthy/fe7c74c4-5794-489f-ba63-cc8cf9e55d72___RS_HL 4436.JPG,4,0.1096002459526062,0.7779650527215586,False
Soybean___healthy,train/Soybean___healthy/faaf1977-8121-4b49-88f5-46b21b4e400e___RS_HL 4623.JPG,val/Soybean___healthy/e9c46009-365d-4b82-8254-f31aaa6af0e7___RS_HL 5086.JPG,4,0.07947176694869995,0.7964644320077272,False
Soybean___healthy,train/Soybean___healthy/fbd3c90b-6714-4bb4-8aad-a21f681dbd10___RS_HL 3732.JPG,val/Soybean___healthy/7bc65ae7-0a4d-4369-8335-3737a5441bfa___RS_HL 4640.JPG,2,0.10324230045080185,0.8069404083134826,False
Soybean___healthy,train/Soybean___healthy/fc44a847-0708-46b8-93f3-61a133d51240___RS_HL 3909.JPG,val/Soybean___healthy/8a9075ee-ed68-48a9-9b09-223fcd0c0b13___RS_HL 4453.JPG,4,0.0852416381239891,0.7501198941912046,False
Soybean___healthy,train/Soybean___healthy/fc60273f-9361-41d8-9af5-51aca1e8175a___RS_HL 4170.JPG,val/Soybean___healthy/89825f00-f926-4244-96e8-bdcd9dcf2603___RS_HL 5231.JPG,4,0.110174261033535,0.8433442295812035,False
Soybean___healthy,train/Soybean___healthy/fd7d0d1b-7f3d-4fb9-8f3c-959595e1ece5___RS_HL 5711 1.JPG,val/Soybean___healthy/79d70c7c-5645-47a8-8725-8d29dd3bfac8___RS_HL 5049.JPG,4,0.10795093327760696,0.7643355080560335,False
Soybean___healthy,train/Soybean___healthy/fd7d0d1b-7f3d-4fb9-8f3c-959595e1ece5___RS_HL 5711 1.JPG,val/Soybean___healthy/9f1eec5c-1947-4d2b-8ab2-25a4de57d01d___RS_HL 7189.JPG,4,0.0878492072224617,0.7621215322449144,False
Soybean___healthy,train/Soybean___healthy/fdc4c9d7-26cf-4019-ac28-349a61197b96___RS_HL 6397.JPG,val/Soybean___healthy/e22f88a9-8fe0-4498-8fa5-f3670586457a___RS_HL 3546.JPG,4,0.18500547111034393,0.6855321828901252,False
Soybean___healthy,train/Soybean___healthy/ff2ade9c-df85-416f-8dc7-04da52421c08___RS_HL 5417.JPG,val/Soybean___healthy/deb95aac-013f-4af2-9152-010e715d316f___RS_HL 3884.JPG,4,0.1057281643152237,0.8353852660865908,False
Soybean___healthy,train/Soybean___healthy/ffd1a614-2a6d-4584-9c1a-2e542d7cfabf___RS_HL 5656 1.JPG,val/Soybean___healthy/18075112-de5a-402b-8957-bd94525bb362___RS_HL 3378.JPG,4,0.10703238844871521,0.8536587599535702,False
Soybean___healthy,val/Soybean___healthy/0231ac76-7dd9-4346-945e-fdfcebdaefe0___RS_HL 5779 1.JPG,val/Soybean___healthy/68947ab4-60ac-4261-b1c9-42644c8a78d5___RS_HL 4193.JPG,4,0.08978672325611115,0.7502862142672504,False
Soybean___healthy,val/Soybean___healthy/04f9ace6-096a-40ab-8e3b-2a3be9eb8464___RS_HL 5862.JPG,val/Soybean___healthy/6f8693a0-9f00-4c8d-b57b-217dac181680___RS_HL 5860.JPG,2,0.06294750422239304,0.8318653237609777,False
Soybean___healthy,val/Soybean___healthy/07323fc3-b155-4e0a-b4bf-8737af0bb59f___RS_HL 5191.JPG,val/Soybean___healthy/36f6e9bb-fc08-41f0-ab03-a288cdc81235___RS_HL 5286.JPG,4,0.1274377852678299,0.7580842856888775,False
Soybean___healthy,val/Soybean___healthy/0a78db40-b53d-4d33-90fd-c26323f77258___RS_HL 5081.JPG,val/Soybean___healthy/f6e67c9d-cbeb-4d55-a2ef-64479e7dec65___RS_HL 4604.JPG,4,0.05997271090745926,0.8753216997509907,False
Soybean___healthy,val/Soybean___healthy/0d95ffb5-68ae-437c-8971-4b3c3c6b6e21___RS_HL 4059.JPG,val/Soybean___healthy/fff606e6-7949-44cf-90d3-9507d2a97cfe___RS_HL 4083.JPG,4,0.0686212107539177,0.8453474990402212,False
Soybean___healthy,val/Soybean___healthy/0e26c0d3-9869-4e68-a285-c7c051a6a4ed___RS_HL 5559 1.JPG,val/Soybean___healthy/d368f087-3644-4c26-8837-2be13a3105e9___RS_HL 4500.JPG,4,0.08700213581323624,0.8373173421406811,False
Soybean___healthy,val/Soybean___healthy/0e26c0d3-9869-4e68-a285-c7c051a6a4ed___RS_HL 5559 1.JPG,val/Soybean___healthy/e9c46009-365d-4b82-8254-f31aaa6af0e7___RS_HL 5086.JPG,4,0.08908193558454514,0.7890626295013892,False
Soybean___healthy,val/Soybean___healthy/18075112-de5a-402b-8957-bd94525bb362___RS_HL 3378.JPG,val/Soybean___healthy/b34093d1-010b-4fd1-b95c-ab3d9c7b7f4c___RS_HL 3743.JPG,4,0.09827254712581635,0.800705951105302,False
Soybean___healthy,val/Soybean___healthy/1d6e795c-c150-4ef2-91e5-fdd3d03057e5___RS_HL 3060.JPG,val/Soybean___healthy/60a7d584-8124-4d3b-abae-4de8f0a8d892___RS_HL 4275.JPG,4,0.1216304749250412,0.7496885916307608,False
Soybean___healthy,val/Soybean___healthy/1de56755-4034-4806-8d54-907c3076757a___RS_HL 4361.JPG,val/Soybean___healthy/a522afba-a47b-453e-bb3e-bcd4f8d3a411___RS_HL 3253.JPG,2,0.10913018882274628,0.8242138012868359,False
Soybean___healthy,val/Soybean___healthy/27b0e355-d2d0-4369-8614-60fd39951c06___RS_HL 7169.JPG,val/Soybean___healthy/e96da492-7f95-47a3-90f6-416fee89b4ae___RS_HL 6657.JPG,4,0.07861307263374329,0.7553296132940492,False
Soybean___healthy,val/Soybean___healthy/31be8305-3a3d-41da-bd6b-98a7251deea4___RS_HL 4855.JPG,val/Soybean___healthy/5cedc784-28e7-46ca-8b84-cba4bf5ae2e7___RS_HL 4835.JPG,2,0.08934930711984634,0.8226832174256974,False
Soybean___healthy,val/Soybean___healthy/3758aaac-d3db-41b6-8a41-ff21fcb1657e___RS_HL 5505.JPG,val/Soybean___healthy/5e9291cf-c9b5-4a3c-bf58-9bc155c4ce86___RS_HL 6796.JPG,4,0.16102685034275055,0.7822499538761186,False
Soybean___healthy,val/Soybean___healthy/37aefbb7-8016-4984-95bf-3490280b3f3e___RS_HL 3914.JPG,val/Soybean___healthy/42f9d6af-6ef5-4c21-abfc-9aece98087e2___RS_HL 3843.JPG,4,0.06438744813203812,0.8982308204317865,False
Soybean___healthy,val/Soybean___healthy/3e33f778-45c7-47a7-86b9-909e967cf585___RS_HL 5058.JPG,val/Soybean___healthy/68947ab4-60ac-4261-b1c9-42644c8a78d5___RS_HL 4193.JPG,4,0.08095809817314148,0.7848505311183267,False
Soybean___healthy,val/Soybean___healthy/3e33f778-45c7-47a7-86b9-909e967cf585___RS_HL 5058.JPG,val/Soybean___healthy/c01dec35-4a1c-4c3b-95e9-e2a727978136___RS_HL 5450.JPG,2,0.07447193562984467,0.8130820553481727,False
Soybean___healthy,val/Soybean___healthy/459dcdba-1f87-4c2e-8a01-b0a9785bf284___RS_HL 5657 1.JPG,val/Soybean___healthy/49e54b3c-7101-44f8-ab24-99ee7e943e73___RS_HL 5672 1.JPG,4,0.07463192194700241,0.8577877377106298,False
Soybean___healthy,val/Soybean___healthy/4e548c3e-2e6f-4625-971b-5955b8ee836e___RS_HL 3549.JPG,val/Soybean___healthy/b4f30be3-8f14-4138-8b06-9beb44b20c62___RS_HL 3764.JPG,4,0.07847293466329575,0.8169467638360529,False
Soybean___healthy,val/Soybean___healthy/5a65f68b-0260-49e5-a178-ca327c4e1020___RS_HL 4854.JPG,val/Soybean___healthy/fff606e6-7949-44cf-90d3-9507d2a97cfe___RS_HL 4083.JPG,4,0.09644437581300735,0.7798242197289662,False
Soybean___healthy,val/Soybean___healthy/5a9aaf42-24dc-4646-b49a-e16618360ffc___RS_HL 5272.JPG,val/Soybean___healthy/c606f357-d8b8-426d-be13-dd488dd387d3___RS_HL 3453.JPG,4,0.08313588798046112,0.8003665281143663,False
Soybean___healthy,val/Soybean___healthy/65c629ba-18d8-41d7-ad42-1a365a27e9c6___RS_HL 3169.JPG,val/Soybean___healthy/a39f174d-6ff4-4dc4-a1fb-9c4ee0e7a92b___RS_HL 5389.JPG,4,0.10479997843503952,0.8212001314781884,False
Soybean___healthy,val/Soybean___healthy/68947ab4-60ac-4261-b1c9-42644c8a78d5___RS_HL 4193.JPG,val/Soybean___healthy/c01dec35-4a1c-4c3b-95e9-e2a727978136___RS_HL 5450.JPG,4,0.0686931237578392,0.8299667366767352,False
Soybean___healthy,val/Soybean___healthy/68947ab4-60ac-4261-b1c9-42644c8a78d5___RS_HL 4193.JPG,val/Soybean___healthy/c20faf5e-7487-4a7f-9579-767b9ade0164___RS_HL 4232.JPG,4,0.09849352389574051,0.8535328610428294,False
Soybean___healthy,val/Soybean___healthy/6a1a22eb-1290-4b1d-969d-f52bc78cc5a9___RS_HL 7074.JPG,val/Soybean___healthy/7f05a83e-4d86-48be-8543-8e087ff86501___RS_HL 5560 1.JPG,4,0.13516320288181305,0.7808520544567857,False
Soybean___healthy,val/Soybean___healthy/71010ab7-e729-462b-abf3-42cc36bf507a___RS_HL 3559.JPG,val/Soybean___healthy/b4f30be3-8f14-4138-8b06-9beb44b20c62___RS_HL 3764.JPG,4,0.09295541048049927,0.8460321405778429,False
Soybean___healthy,val/Soybean___healthy/8b1e08ee-e81a-4075-82b4-930d7241516b___RS_HL 5489.JPG,val/Soybean___healthy/9a04ddf5-22ea-420a-926a-541724535613___RS_HL 4103.JPG,4,0.08232741057872772,0.8528971231729678,False
Soybean___healthy,val/Soybean___healthy/9f894807-ac4e-4319-91cd-e7c908acb0f8___RS_HL 6915.JPG,val/Soybean___healthy/b64d63a5-efc5-4712-9d33-933250b4e561___RS_HL 6347.JPG,4,0.10710740834474564,0.7158797668155683,False
Soybean___healthy,val/Soybean___healthy/b4f30be3-8f14-4138-8b06-9beb44b20c62___RS_HL 3764.JPG,val/Soybean___healthy/edd05ee9-bfe5-4c78-8c3d-025c4c56ed51___RS_HL 4805.JPG,4,0.17301510274410248,0.7243779989744945,False
Soybean___healthy,val/Soybean___healthy/be054827-d4a8-404e-a5d8-8ef3d7c62c15___RS_HL 3232.JPG,val/Soybean___healthy/c01dec35-4a1c-4c3b-95e9-e2a727978136___RS_HL 5450.JPG,4,0.08459186553955078,0.8518151288459676,False
Soybean___healthy,val/Soybean___healthy/c01dec35-4a1c-4c3b-95e9-e2a727978136___RS_HL 5450.JPG,val/Soybean___healthy/c20faf5e-7487-4a7f-9579-767b9ade0164___RS_HL 4232.JPG,4,0.1012742817401886,0.8136873103362463,False
Soybean___healthy,val/Soybean___healthy/c3498c7b-6fd4-46c3-91c6-efebebf326e1___RS_HL 4886.JPG,val/Soybean___healthy/ee483a3d-093a-4ab9-a279-bcb86c947c95___RS_HL 4460.JPG,4,0.07717538625001907,0.8283259421156813,False
Soybean___healthy,val/Soybean___healthy/d368f087-3644-4c26-8837-2be13a3105e9___RS_HL 4500.JPG,val/Soybean___healthy/e9c46009-365d-4b82-8254-f31aaa6af0e7___RS_HL 5086.JPG,4,0.10684671998023987,0.8229438005933701,False
Soybean___healthy,val/Soybean___healthy/f217149e-d994-433b-8518-445c57d57f40___RS_HL 7078.JPG,val/Soybean___healthy/fff606e6-7949-44cf-90d3-9507d2a97cfe___RS_HL 4083.JPG,4,0.18786552548408508,0.723053971242434,False
Squash___Powdery_mildew,train/Squash___Powdery_mildew/5c37f32e-d2cf-4436-825a-fe3af823f149___MD_Powd.M 0502.JPG,val/Squash___Powdery_mildew/dce71a4a-15ec-45ec-9e61-ea12dcf671bd___MD_Powd.M 0622.JPG,4,0.06102757155895233,0.700019010311941,False
Strawberry___Leaf_scorch,train/Strawberry___Leaf_scorch/03e9b07f-582d-4a76-9a9c-aeacc96e4284___RS_L.Scorch 0870.JPG,train/Strawberry___Leaf_scorch/aed8624d-676c-453f-a0af-cfee0fac55f9___RS_L.Scorch 0869.JPG,4,0.06094246357679367,0.8839092645851228,False
Strawberry___Leaf_scorch,train/Strawberry___Leaf_scorch/97fc0a8d-280a-44e2-811d-71419f9a5526___RS_L.Scorch 1277.JPG,train/Strawberry___Leaf_scorch/cb060904-20f5-4192-b4bf-83ee54be17f0___RS_L.Scorch 1287.JPG,2,0.056553252041339874,0.8915653737739212,False
Strawberry___healthy,train/Strawberry___healthy/38292ca8-c7fe-4ba5-837f-c98c714ab099___RS_HL 4608.JPG,train/Strawberry___healthy/5d541b79-2861-493a-b121-c4f0a60be3d2___RS_HL 4607.JPG,4,0.06821782141923904,0.8209701654329085,False
Strawberry___healthy,train/Strawberry___healthy/7d6ed1f3-f7c9-48a8-a363-bf2ea58f3f67___RS_HL 4839.JPG,train/Strawberry___healthy/a5f3534e-b953-4925-abfa-999eeb8aaf64___RS_HL 4845.JPG,4,0.06506063044071198,0.8450265180181937,False
Tomato___Bacterial_spot,train/Tomato___Bacterial_spot/2b1247ef-594a-4ada-9377-1f46af51859c___GCREC_Bact.Sp 3095.JPG,train/Tomato___Bacterial_spot/dfca025b-a6d9-431a-977e-4bd174daa3a1___GCREC_Bact.Sp 5948.JPG,4,0.051755260676145554,0.8572013830650959,False
Tomato___Bacterial_spot,train/Tomato___Bacterial_spot/611c6fa8-d805-4956-a786-2a4522c59f71___GCREC_Bact.Sp 5616.JPG,train/Tomato___Bacterial_spot/efd6193d-7d5b-4207-999d-2aeb08cd64e2___GCREC_Bact.Sp 5739.JPG,4,0.10158845782279968,0.6475990237432915,False
Tomato___Bacterial_spot,train/Tomato___Bacterial_spot/6d746b6c-52f8-4831-b541-c74d0984c130___GCREC_Bact.Sp 3169.JPG,val/Tomato___Bacterial_spot/196be0af-51c3-4587-bd91-9a606631d4f3___GCREC_Bact.Sp 3453.JPG,4,0.06139053404331207,0.8146831193348332,False
Tomato___Bacterial_spot,train/Tomato___Bacterial_spot/741e2f09-1b62-42c2-b218-6504d57c0f27___GCREC_Bact.Sp 3302.JPG,val/Tomato___Bacterial_spot/e2286f6d-1e30-4528-ab51-84c18a16b7e1___GCREC_Bact.Sp 3503.JPG,4,0.04827651381492615,0.8612177969201115,False
Tomato___Bacterial_spot,val/Tomato___Bacterial_spot/29184f19-db21-475d-8032-a8b7c3a9c7f4___GCREC_Bact.Sp 5784.JPG,val/Tomato___Bacterial_spot/5c5dbca4-4322-4227-a543-6ff6f876a531___GCREC_Bact.Sp 5785.JPG,4,0.0831451267004013,0.739181372485341,False
Tomato___Late_blight,train/Tomato___Late_blight/1a69b38b-c4eb-42c4-9584-bcb14fb8db0c___GHLB2 Leaf 9011.JPG,train/Tomato___Late_blight/2c47b891-3c97-48f1-a2cc-5aa53d3a1148___GHLB2 Leaf 9011.JPG,0,0.0,1.0,True
Tomato___Late_blight,train/Tomato___Late_blight/2159d0f7-09ef-46ad-ad49-749e8ce1becc___GHLB2 Leaf 8836.JPG,train/Tomato___Late_blight/7f533ee8-1d72-486e-b2a6-b5ef2ac7cc88___GHLB2 Leaf 8837.JPG,4,0.036307986825704575,0.823280896396206,False
Tomato___Late_blight,train/Tomato___Late_blight/3fae9c64-18f0-4a67-9f97-554248bb1bed___GHLB_PS Leaf 24 Day 16.jpg,train/Tomato___Late_blight/5de6da85-f8c4-48c4-b463-3e6bd78884cc___GHLB_PS Leaf 24 Day 16.jpg,0,0.0,1.0,True
Tomato___Late_blight,train/Tomato___Late_blight/48c55974-9fe9-4f4b-94f7-c8cd127d1e05___GHLB_PS Leaf 23.7 Day 13.jpg,train/Tomato___Late_blight/bd4f09bd-ee85-4ab1-bce0-8cde3fdd7f1b___GHLB_PS Leaf 23.7 Day 13.jpg,0,0.0,1.0,True
Tomato___Late_blight,train/Tomato___Late_blight/5f21282c-e2ef-4c4a-ace1-b5701fe7effc___GHLB2 Leaf 8999.JPG,train/Tomato___Late_blight/e5d707cd-077c-43af-bda9-6138e516ff51___GHLB2 Leaf 8999.JPG,0,0.0,1.0,True
Tomato___Late_blight,train/Tomato___Late_blight/861d8b00-57a4-46b0-b51a-09d102dbe119___GHLB_PS Leaf 24 Day 13.jpg,train/Tomato___Late_blight/d82b634e-9a19-497b-b698-aaf100d622a1___GHLB_PS Leaf 24 Day 13.jpg,0,0.0,1.0,True
Tomato___Late_blight,train/Tomato___Late_blight/98586693-fe1f-4ea0-8e27-4501b61cf09b___GHLB_PS Leaf 23.5 Day 13.jpg,val/Tomato___Late_blight/c1775bad-7c02-41fb-bb7d-f8df91d60ac3___GHLB_PS Leaf 23.5 Day 13.jpg,0,0.0,1.0,True
Tomato___Late_blight,train/Tomato___Late_blight/d6e6897a-5083-4914-9903-804c5684a956___GHLB2 Leaf 102.JPG,val/Tomato___Late_blight/d81682aa-746b-4e07-af2b-52ebb6f4c017___GHLB2 Leaf 102.JPG,0,0.0,1.0,True
Tomato___Late_blight,train/Tomato___Late_blight/e20107e7-137f-400e-817f-5dc4c58e5d70___GHLB2 Leaf 8677.JPG,val/Tomato___Late_blight/5688ea99-c949-41d0-bbab-9cbf0ffb8bcd___GHLB2 Leaf 8677.JPG,0,0.0,1.0,True
Tomato___Leaf_Mold,train/Tomato___Leaf_Mold/76e5026d-dc54-4129-8250-573317cc91da___Crnl_L.Mold 6700.JPG,val/Tomato___Leaf_Mold/78cfaa28-9259-4225-8641-5dfaceab2118___Crnl_L.Mold 6690.JPG,4,0.10149044543504715,0.6824038779596722,False
Tomato___Spider_mites Two-spotted_spider_mite,train/Tomato___Spider_mites Two-spotted_spider_mite/45d0aca4-ce49-43cb-af35-99ac8d283930___Com.G_SpM_FL 1459.JPG,train/Tomato___Spider_mites Two-spotted_spider_mite/e0837534-7480-4ba7-8f04-34f232f76008___Com.G_SpM_FL 8565.JPG,4,0.1381533294916153,0.6323031459258691,False
Tomato___Spider_mites Two-spotted_spider_mite,train/Tomato___Spider_mites Two-spotted_spider_mite/497393f6-55bc-4e2b-b208-fa0f54ba8c92___Com.G_SpM_FL 1420.JPG,train/Tomato___Spider_mites Two-spotted_spider_mite/e33fa280-f5cc-404b-a205-36966e9ceb38___Com.G_SpM_FL 8950.JPG,4,0.11167805641889572,0.6671295299918677,False
Tomato___Spider_mites Two-spotted_spider_mite,train/Tomato___Spider_mites Two-spotted_spider_mite/75c39e92-9f7a-4266-b6bb-56bb3cd48dcb___Com.G_SpM_FL 9523.JPG,train/Tomato___Spider_mites Two-spotted_spider_mite/82e7ae32-dee2-4e83-aeb3-aab7a4bdf04f___Com.G_SpM_FL 9263.JPG,2,0.09807936102151871,0.7591186566619927,False
Tomato___Spider_mites Two-spotted_spider_mite,train/Tomato___Spider_mites Two-spotted_spider_mite/a75666ed-91d1-4f47-bcf2-554c8a5a3fd5___Com.G_SpM_FL 9551.JPG,train/Tomato___Spider_mites Two-spotted_spider_mite/f7b7b4c8-1420-4ffe-ba64-97be026edeb4___Com.G_SpM_FL 8978.JPG,2,0.08334823697805405,0.7188654464551284,False
Tomato___Spider_mites Two-spotted_spider_mite,train/Tomato___Spider_mites Two-spotted_spider_mite/ce05bc05-0c4c-4290-903c-f46ab2ba1f53___Com.G_SpM_FL 9283.JPG,val/Tomato___Spider_mites Two-spotted_spider_mite/af0d2ecc-72f9-40ca-ad16-b3ef9419e9ec___Com.G_SpM_FL 9559.JPG,4,0.1167982965707779,0.7778365395486249,False
Tomato___Tomato_Yellow_Leaf_Curl_Virus,train/Tomato___Tomato_Yellow_Leaf_Curl_Virus/02cb40d6-550a-42fb-99ce-247e4406a322___UF.GRC_YLCV_Lab 02991.JPG,train/Tomato___Tomato_Yellow_Leaf_Curl_Virus/acb9169b-21bc-4b31-ba3c-a24909521156___UF.GRC_YLCV_Lab 02981.JPG,4,0.07801266759634018,0.7302020703936887,False
Tomato___Tomato_Yellow_Leaf_Curl_Virus,train/Tomato___Tomato_Yellow_Leaf_Curl_Virus/03fa456e-aa89-409f-a18c-42566f4b2882___UF.GRC_YLCV_Lab 01528.JPG,train/Tomato___Tomato_Yellow_Leaf_Curl_Virus/21a4dee8-257f-48ea-90d2-0d2402b1a88a___UF.GRC_YLCV_Lab 01524.JPG,4,0.0462041050195694,0.8321343546446331,False
Tomato___Tomato_Yellow_Leaf_Curl_Virus,train/Tomato___Tomato_Yellow_Leaf_Curl_Virus/104fc95d-88f5-4f2e-a3ea-bfcba37f6b9f___UF.GRC_YLCV_Lab 01854.JPG,train/Tomato___Tomato_Yellow_Leaf_Curl_Virus/4c773e62-28a8-4f16-a71f-7cdb1c5751e5___UF.GRC_YLCV_Lab 01855.JPG,4,0.10495132207870483,0.6121563413197041,False
Tomato___Tomato_Yellow_Leaf_Curl_Virus,train/Tomato___Tomato_Yellow_Leaf_Curl_Virus/19ead445-c37c-4a22-b3fb-02510e66b553___UF.GRC_YLCV_Lab 01388.JPG,train/Tomato___Tomato_Yellow_Leaf_Curl_Virus/b379ab04-3780-4283-b388-2a038b773d79___UF.GRC_YLCV_Lab 01389.JPG,2,0.0402287021279335,0.9508092982915863,True
Tomato___Tomato_Yellow_Leaf_Curl_Virus,train/Tomato___Tomato_Yellow_Leaf_Curl_Virus/2ed63cde-c59e-45df-a38b-ee87197908bb___UF.GRC_YLCV_Lab 01623.JPG,train/Tomato___Tomato_Yellow_Leaf_Curl_Virus/7c215f7a-4aaf-4461-a727-7e4777daa562___UF.GRC_YLCV_Lab 01624.JPG,4,0.05035119503736496,0.8277292424713499,False
Tomato___Tomato_Yellow_Leaf_Curl_Virus,train/Tomato___Tomato_Yellow_Leaf_Curl_Virus/37c2cc81-0d24-4030-9f76-399c29561b3f___UF.GRC_YLCV_Lab 02512.JPG,train/Tomato___Tomato_Yellow_Leaf_Curl_Virus/de775839-7363-47c7-bc42-7bff83af822a___UF.GRC_YLCV_Lab 02513.JPG,4,0.08977439999580383,0.870519731694597,False
Tomato___Tomato_Yellow_Leaf_Curl_Virus,train/Tomato___Tomato_Yellow_Leaf_Curl_Virus/41aad915-6a72-497f-bb47-3d73d5c2c4cf___UF.GRC_YLCV_Lab 01934.JPG,train/Tomato___Tomato_Yellow_Leaf_Curl_Virus/a9171c0c-e224-4f8b-b84f-1caba2c3c989___UF.GRC_YLCV_Lab 01935.JPG,4,0.04779043048620224,0.9185367219321858,True
Tomato___Tomato_Yellow_Leaf_Curl_Virus,train/Tomato___Tomato_Yellow_Leaf_Curl_Virus/43aae6d1-40ae-42f4-8b71-ae9351683a90___UF.GRC_YLCV_Lab 02661.JPG,train/Tomato___Tomato_Yellow_Leaf_Curl_Virus/ea824bff-58c4-402e-936c-70bc49912701___UF.GRC_YLCV_Lab 02667.JPG,2,0.08343687653541565,0.647624410559153,False
Tomato___Tomato_Yellow_Leaf_Curl_Virus,train/Tomato___Tomato_Yellow_Leaf_Curl_Virus/4ae45072-4db3-477d-9ace-9a08ce483d46___UF.GRC_YLCV_Lab 01407.JPG,train/Tomato___Tomato_Yellow_Leaf_Curl_Virus/9836e208-f2b2-4713-b258-6faec4e0043a___UF.GRC_YLCV_Lab 01408.JPG,2,0.02786869928240776,0.923731844267466,True
Tomato___Tomato_Yellow_Leaf_Curl_Virus,train/Tomato___Tomato_Yellow_Leaf_Curl_Virus/55d128be-cc38-4493-ac46-16b931b41664___UF.GRC_YLCV_Lab 02542.JPG,val/Tomato___Tomato_Yellow_Leaf_Curl_Virus/ffb119bc-8d09-4f83-b1c5-483599a93d03___UF.GRC_YLCV_Lab 02541.JPG,2,0.0400390625,0.8967713315366862,False
Tomato___Tomato_Yellow_Leaf_Curl_Virus,train/Tomato___Tomato_Yellow_Leaf_Curl_Virus/6243f4bc-d40f-4cae-bca1-7ed1206c2d0e___UF.GRC_YLCV_Lab 02620.JPG,train/Tomato___Tomato_Yellow_Leaf_Curl_Virus/76538e40-4986-4f01-bfdd-bd3d4f0453f1___UF.GRC_YLCV_Lab 02621.JPG,4,0.04293612763285637,0.791263851062305,False
Tomato___Tomato_Yellow_Leaf_Curl_Virus,train/Tomato___Tomato_Yellow_Leaf_Curl_Virus/79fa18a3-cf77-4211-b105-893ea4eb7498___UF.GRC_YLCV_Lab 02978.JPG,train/Tomato___Tomato_Yellow_Leaf_Curl_Virus/acb9169b-21bc-4b31-ba3c-a24909521156___UF.GRC_YLCV_Lab 02981.JPG,4,0.1369125097990036,0.7496775820131808,False
Tomato___Tomato_Yellow_Leaf_Curl_Virus,train/Tomato___Tomato_Yellow_Leaf_Curl_Virus/86089870-b24b-4509-abc3-f6c50fd07e49___UF.GRC_YLCV_Lab 01677.JPG,train/Tomato___Tomato_Yellow_Leaf_Curl_Virus/a6d9fce3-02d6-464c-bf8e-795b78dcc7e7___UF.GRC_YLCV_Lab 01667.JPG,4,0.09497520327568054,0.8417471497939752,False
Tomato___Tomato_Yellow_Leaf_Curl_Virus,train/Tomato___Tomato_Yellow_Leaf_Curl_Virus/8a92e970-1eb5-43f1-852e-2778ddde1503___UF.GRC_YLCV_Lab 08437.JPG,val/Tomato___Tomato_Yellow_Leaf_Curl_Virus/68f8c73f-8682-424b-bb43-9d505c64423f___UF.GRC_YLCV_Lab 08438.JPG,4,0.048054393380880356,0.8674660293203089,False
Tomato___Tomato_Yellow_Leaf_Curl_Virus,train/Tomato___Tomato_Yellow_Leaf_Curl_Virus/8ae297ec-545c-467f-89f2-910b293fb9d0___UF.GRC_YLCV_Lab 01567.JPG,train/Tomato___Tomato_Yellow_Leaf_Curl_Virus/977a0667-709d-487f-8a93-7307452ee661___UF.GRC_YLCV_Lab 01566.JPG,4,0.06483709067106247,0.5463682877677016,False
Tomato___Tomato_Yellow_Leaf_Curl_Virus,train/Tomato___Tomato_Yellow_Leaf_Curl_Virus/8e2f397f-3ebe-4b51-964b-e5d5372e0a8b___UF.GRC_YLCV_Lab 02095.JPG,val/Tomato___Tomato_Yellow_Leaf_Curl_Virus/76762a24-0c95-40b2-b861-fc743293fb7d___UF.GRC_YLCV_Lab 02094.JPG,2,0.048595089465379715,0.7864491739843712,False
Tomato___Tomato_Yellow_Leaf_Curl_Virus,train/Tomato___Tomato_Yellow_Leaf_Curl_Virus/9dfccce4-a7a8-491c-b326-850bafbe8ff2___UF.GRC_YLCV_Lab 01640.JPG,train/Tomato___Tomato_Yellow_Leaf_Curl_Virus/a65c03a7-d1ef-4e78-931d-881d37383224___UF.GRC_YLCV_Lab 01641.JPG,4,0.05470821261405945,0.8542396684707193,False
Tomato___Tomato_Yellow_Leaf_Curl_Virus,train/Tomato___Tomato_Yellow_Leaf_Curl_Virus/9e962b25-a670-4e4c-bbf2-1adb5af08dfd___UF.GRC_YLCV_Lab 02648.JPG,val/Tomato___Tomato_Yellow_Leaf_Curl_Virus/711f8839-09f1-4ca6-8681-57bba5be4b75___UF.GRC_YLCV_Lab 02646.JPG,4,0.07029179483652115,0.668794605668749,False
Tomato___Tomato_Yellow_Leaf_Curl_Virus,train/Tomato___Tomato_Yellow_Leaf_Curl_Virus/a05153d6-05c7-4271-bd9e-60cbfbc8f8c7___UF.GRC_YLCV_Lab 01556.JPG,train/Tomato___Tomato_Yellow_Leaf_Curl_Virus/d6e66120-a71c-4df3-b7b2-e31bbcd83118___UF.GRC_YLCV_Lab 01557.JPG,4,0.04915662482380867,0.6196042933816536,False
Tomato___Tomato_Yellow_Leaf_Curl_Virus,train/Tomato___Tomato_Yellow_Leaf_Curl_Virus/aa8abfe6-a4c1-48f9-9349-959bb9fdd830___UF.GRC_YLCV_Lab 01492.JPG,train/Tomato___Tomato_Yellow_Leaf_Curl_Virus/cbf86900-e987-4675-b7a3-23802305f415___UF.GRC_YLCV_Lab 01493.JPG,4,0.04601673781871796,0.7368313566889733,False
Tomato___Tomato_Yellow_Leaf_Curl_Virus,train/Tomato___Tomato_Yellow_Leaf_Curl_Virus/adb5b398-73ef-481c-90da-62bad3128135___UF.GRC_YLCV_Lab 08481.JPG,train/Tomato___Tomato_Yellow_Leaf_Curl_Virus/e5b39e29-e605-41fe-98ea-ba1e47f062b8___UF.GRC_YLCV_Lab 08475.JPG,4,0.043964460492134094,0.5677387722438096,False
Tomato___Tomato_Yellow_Leaf_Curl_Virus,train/Tomato___Tomato_Yellow_Leaf_Curl_Virus/af67ecf5-473c-499e-9488-e0d349f90e9b___UF.GRC_YLCV_Lab 01777.JPG,val/Tomato___Tomato_Yellow_Leaf_Curl_Virus/38df156b-eafd-4610-9649-67c51d016a13___UF.GRC_YLCV_Lab 01776.JPG,4,0.07924070209264755,0.8330836222347767,False
Tomato___Tomato_Yellow_Leaf_Curl_Virus,train/Tomato___Tomato_Yellow_Leaf_Curl_Virus/b7b2732c-4481-4cbf-8dd0-8256642baf51___UF.GRC_YLCV_Lab 02455.JPG,val/Tomato___Tomato_Yellow_Leaf_Curl_Virus/4bd2ccdd-172e-4314-bf8a-d04b6765b354___UF.GRC_YLCV_Lab 02469.JPG,4,0.09098739922046661,0.9147325153725119,False
Tomato___Tomato_Yellow_Leaf_Curl_Virus,train/Tomato___Tomato_Yellow_Leaf_Curl_Virus/b89e6dce-ebc9-4eac-a0f8-19e34657f6e1___UF.GRC_YLCV_Lab 02067.JPG,val/Tomato___Tomato_Yellow_Leaf_Curl_Virus/7bff3fb7-788d-414c-bf0e-92a5ce4a4757___UF.GRC_YLCV_Lab 02064.JPG,4,0.038752585649490356,0.8148266348243575,False
Tomato___Tomato_Yellow_Leaf_Curl_Virus,train/Tomato___Tomato_Yellow_Leaf_Curl_Virus/b9fee910-ba74-47a7-a83f-77d8db7391ea___UF.GRC_YLCV_Lab 03322.JPG,train/Tomato___Tomato_Yellow_Leaf_Curl_Virus/be67f74f-648f-4ab8-9478-76be838649a8___UF.GRC_YLCV_Lab 03321.JPG,4,0.0612277053296566,0.80619526103605,False
Tomato___Tomato_Yellow_Leaf_Curl_Virus,val/Tomato___Tomato_Yellow_Leaf_Curl_Virus/162a2c9a-53ec-468c-bbaa-145e7acdb8db___UF.GRC_YLCV_Lab 02537.JPG,val/Tomato___Tomato_Yellow_Leaf_Curl_Virus/21401648-7356-4019-9781-516afa0ff7c4___UF.GRC_YLCV_Lab 02527.JPG,4,0.11059509962797165,0.5252955753766942,False
Tomato___Tomato_Yellow_Leaf_Curl_Virus,val/Tomato___Tomato_Yellow_Leaf_Curl_Virus/3661efa4-82dc-488c-bade-d11056803e75___UF.GRC_YLCV_Lab 01760.JPG,val/Tomato___Tomato_Yellow_Leaf_Curl_Virus/45f05974-1b81-455b-8264-539c45ca1f75___UF.GRC_YLCV_Lab 01761.JPG,4,0.06399356573820114,0.8069109800883393,False
Tomato___Tomato_Yellow_Leaf_Curl_Virus,val/Tomato___Tomato_Yellow_Leaf_Curl_Virus/61c03d35-853f-454b-8aff-7999536888a0___UF.GRC_YLCV_Lab 02448.JPG,val/Tomato___Tomato_Yellow_Leaf_Curl_Virus/b086e7d4-52fe-4779-b2a5-5927aec3e636___UF.GRC_YLCV_Lab 02437.JPG,4,0.06590527296066284,0.7728891711288856,False
Tomato___Tomato_mosaic_virus,train/Tomato___Tomato_mosaic_virus/847307bc-58ab-45fc-8001-f1e07a38bc82___PSU_CG 2065.JPG,train/Tomato___Tomato_mosaic_virus/8e59061b-3802-4297-8724-a001efb95268___PSU_CG 2064.JPG,4,0.06538090109825134,0.763326993598642,False
Tomato___healthy,train/Tomato___healthy/0b330273-890c-4995-af72-cba070fc0061___GH_HL Leaf 312.JPG,train/Tomato___healthy/240a9583-9e6a-446d-8850-62bc23312ce9___GH_HL Leaf 312.4.JPG,4,0.034597404301166534,0.7541709499023754,False
Tomato___healthy,train/Tomato___healthy/0c4b06d5-4053-44fc-99b6-504934fdd3a9___GH_HL Leaf 199.1.JPG,train/Tomato___healthy/84991306-21f6-41fb-a723-0c7ba1dac9d3___GH_HL Leaf 199.JPG,4,0.05454438552260399,0.7774048664126199,False
Tomato___healthy,train/Tomato___healthy/1af0bfe1-4bcf-4b8b-be66-5d0953eb647e___GH_HL Leaf 482.2.JPG,train/Tomato___healthy/cfd491d6-4af5-4728-8f0e-0d330a07174a___GH_HL Leaf 482.2.JPG,0,0.0,1.0,True
Tomato___healthy,train/Tomato___healthy/2bd08574-9555-42a5-93b1-7fab8f9f8786___GH_HL Leaf 475.2.JPG,val/Tomato___healthy/5300bf32-485d-4978-9099-3175fb666da8___GH_HL Leaf 475.JPG,4,0.03733830526471138,0.8231518740874362,False
Tomato___healthy,train/Tomato___healthy/34c81c57-e1fa-49dd-a49d-34fe8b2385fe___GH_HL Leaf 466.1.JPG,val/Tomato___healthy/068e324c-faf6-40d6-8f83-578907f1cac5___GH_HL Leaf 466.1.JPG,0,0.0,1.0,True
Tomato___healthy,train/Tomato___healthy/37203047-d8ba-43f7-b31e-d496c41c569c___GH_HL Leaf 389.JPG,train/Tomato___healthy/505465db-407b-4e0a-8110-7479dad5261c___GH_HL Leaf 389.JPG,0,0.0,1.0,True
Tomato___healthy,train/Tomato___healthy/37aad83b-7ff8-4b35-b3ed-fb8e0f54910b___GH_HL Leaf 342.1.JPG,train/Tomato___healthy/e786ac89-29fe-47e3-b49e-b9a9ee7edd9d___GH_HL Leaf 342.1.JPG,0,0.0,1.0,True
Tomato___healthy,train/Tomato___healthy/5015e0d2-a6e3-4859-aceb-78089d1b60f7___GH_HL Leaf 186.2.JPG,train/Tomato___healthy/a7c3088b-6aeb-4e8c-97dd-4661a4cacc38___GH_HL Leaf 186.JPG,4,0.06810180097818375,0.8381714119819988,False
Tomato___healthy,train/Tomato___healthy/71967e69-6356-49c1-81ce-624792b4d964___GH_HL Leaf 315.1.JPG,train/Tomato___healthy/9b5626b0-ea1d-45d0-bc41-c898f7253a75___GH_HL Leaf 315.2.JPG,4,0.0890800952911377,0.6654169092534236,False
Tomato___healthy,train/Tomato___healthy/9662364c-aaba-45e3-b907-10792d60578c___GH_HL Leaf 220.JPG,train/Tomato___healthy/d2ce7896-6fa4-45e6-96c5-d162da0e3e1c___GH_HL Leaf 220.JPG,0,0.0,0.9999999999999998,True
Tomato___healthy,train/Tomato___healthy/a5de43e7-fc2f-4a14-a8e6-c0f2f94c84f1___GH_HL Leaf 434.JPG,val/Tomato___healthy/488feb1c-4b9f-44e7-8aa6-4103a9601f5f___GH_HL Leaf 434.JPG,0,0.0,1.0,True
Tomato___healthy,train/Tomato___healthy/ad8359a4-48b9-4469-a012-ed9b220de38e___GH_HL Leaf 285.1.JPG,train/Tomato___healthy/fd2fa9cc-2147-40ff-9e71-0056eb7884ed___GH_HL Leaf 285.JPG,2,0.08530689030885696,0.8770290175353322,False
Tomato___healthy,train/Tomato___healthy/ca4e96c1-9bf0-49fb-804f-c895905c0584___GH_HL Leaf 210.2.JPG,train/Tomato___healthy/d442075f-73bb-47a0-9545-9b36bca9300b___GH_HL Leaf 210.JPG,4,0.034993987530469894,0.8710567523384777,False
